"","15-16QA","16-16QA","35-4QA","37-4QA","38-8aQA","39-8QA","40-16QA","74-12QA","88-12QA","89-12QA","95-8QA","117-8QA","133-12QA","138-8QA","179-4QA","184-4QA","202-16QA","206-12QA","210-8QA","215-8QA","219-16QA","223-4QA","228-16QA","233-12QA","247-16QA","261-16QA","269-12QA","278-16QA","18-16QR","20-12QR","21-8QR","44-8QR","54-12QR","63-8QR","94-16QR","96-8QR","109-15QR","129-16QR","132-12QR","134-8QR","135-4QR","140-12QR","144-4QR","154-16QR","165-QR","172-12QR","180-12QR","181-8QR","182-12QR","183-8QR","187-12QR","194-12QR","205-8QR","207-4QR","213-12QR","217-12QR","227-11QR","229-4QR","236-12QR","237-8QR","238-8QR","239-4QR","240-12QR","241-4QR","245-8QR","273-8QR","276-4QR","277-12QR","46-8QV","53-16QV","62-8QV","65-8QV","178-8QV","230-16QV","248-4QV","274-8QV","125-12QP","22-12QM","23-8QM","79-8QM","36-16QMu","77-","92-","118-","224-","235-"
"1805",NA,NA,NA,NA,NA,NA,NA,NA,NA,NA,NA,0.433,NA,NA,NA,NA,NA,NA,NA,NA,NA,NA,NA,NA,NA,NA,NA,NA,NA,NA,NA,NA,NA,NA,NA,NA,NA,NA,NA,NA,NA,NA,NA,NA,NA,NA,NA,NA,NA,NA,NA,NA,NA,NA,NA,NA,NA,NA,NA,NA,NA,NA,NA,NA,NA,NA,NA,NA,NA,NA,NA,NA,NA,NA,NA,NA,NA,NA,NA,NA,NA,NA,NA,NA,NA,NA
"1806",NA,NA,NA,NA,NA,NA,NA,NA,NA,NA,NA,0.694,NA,NA,NA,NA,NA,NA,NA,NA,NA,NA,NA,NA,NA,NA,NA,NA,NA,NA,NA,NA,NA,NA,NA,NA,NA,NA,NA,NA,NA,NA,NA,NA,NA,NA,NA,NA,NA,NA,NA,NA,NA,NA,NA,NA,NA,NA,NA,NA,NA,NA,NA,NA,NA,NA,NA,NA,NA,NA,NA,NA,NA,NA,NA,NA,NA,NA,NA,NA,NA,NA,NA,NA,NA,NA
"1807",NA,NA,NA,NA,NA,NA,NA,NA,NA,NA,NA,0.579,NA,NA,NA,NA,NA,NA,NA,NA,NA,NA,NA,NA,NA,NA,NA,NA,NA,NA,NA,NA,NA,NA,NA,NA,NA,NA,NA,NA,NA,NA,NA,NA,NA,NA,NA,NA,NA,NA,NA,NA,NA,NA,NA,NA,NA,NA,NA,NA,NA,NA,NA,NA,NA,NA,NA,NA,NA,NA,NA,NA,NA,NA,NA,NA,NA,NA,NA,NA,NA,NA,NA,NA,NA,NA
"1808",NA,NA,NA,NA,NA,NA,NA,NA,NA,NA,NA,0.62,NA,NA,NA,NA,NA,NA,NA,NA,NA,0.317,NA,NA,NA,NA,NA,NA,NA,NA,NA,NA,NA,NA,NA,NA,NA,NA,NA,NA,NA,NA,NA,NA,NA,NA,NA,NA,NA,NA,NA,NA,NA,NA,NA,NA,NA,NA,NA,NA,NA,NA,NA,NA,NA,NA,NA,NA,NA,NA,NA,NA,NA,NA,NA,NA,NA,NA,NA,NA,NA,NA,NA,NA,NA,NA
"1809",NA,NA,NA,NA,NA,NA,NA,NA,NA,NA,NA,0.844,NA,NA,NA,NA,NA,NA,NA,NA,NA,0.224,NA,NA,NA,NA,NA,NA,NA,NA,NA,NA,NA,NA,NA,NA,NA,NA,NA,NA,NA,NA,NA,NA,NA,NA,NA,NA,NA,NA,NA,NA,NA,NA,NA,NA,NA,NA,NA,NA,NA,NA,NA,NA,NA,NA,NA,NA,NA,NA,NA,NA,NA,NA,NA,NA,NA,NA,NA,NA,NA,NA,NA,NA,NA,NA
"1810",NA,NA,NA,NA,NA,NA,NA,NA,NA,NA,NA,0.368,NA,NA,NA,NA,NA,NA,NA,NA,NA,0.259,NA,NA,NA,NA,NA,NA,NA,NA,NA,NA,NA,NA,NA,NA,NA,NA,NA,NA,NA,NA,NA,NA,NA,NA,NA,NA,NA,NA,NA,NA,NA,NA,NA,NA,NA,NA,NA,NA,NA,NA,NA,NA,NA,NA,NA,NA,NA,NA,NA,NA,NA,NA,NA,NA,NA,NA,NA,NA,NA,NA,NA,NA,NA,NA
"1811",NA,NA,NA,NA,NA,NA,NA,NA,NA,NA,NA,0.583,NA,NA,NA,NA,NA,NA,NA,NA,NA,0.642,NA,NA,NA,NA,NA,NA,NA,NA,NA,NA,NA,NA,NA,NA,NA,NA,NA,NA,NA,NA,NA,NA,NA,NA,NA,NA,NA,NA,NA,NA,NA,NA,NA,NA,NA,NA,NA,NA,NA,NA,NA,NA,NA,NA,NA,NA,NA,NA,NA,NA,NA,NA,NA,NA,NA,NA,NA,NA,NA,NA,NA,NA,NA,NA
"1812",NA,NA,NA,NA,NA,NA,NA,NA,NA,NA,NA,0.491,NA,NA,NA,NA,NA,NA,NA,NA,NA,0.527,NA,NA,NA,NA,NA,NA,NA,NA,NA,NA,NA,NA,NA,NA,NA,NA,NA,NA,NA,NA,NA,NA,NA,NA,NA,NA,NA,NA,NA,NA,NA,NA,NA,NA,NA,NA,NA,NA,NA,NA,NA,NA,NA,NA,NA,NA,NA,NA,NA,NA,NA,NA,NA,NA,NA,NA,NA,NA,NA,NA,NA,NA,NA,NA
"1813",NA,NA,NA,NA,NA,NA,NA,NA,NA,NA,NA,0.251,NA,NA,NA,NA,NA,NA,NA,NA,NA,0.485,NA,NA,NA,NA,NA,NA,NA,NA,NA,NA,NA,NA,NA,NA,NA,NA,NA,NA,NA,NA,NA,NA,NA,NA,NA,NA,NA,NA,NA,NA,NA,NA,NA,NA,NA,NA,NA,NA,NA,NA,NA,NA,NA,NA,NA,NA,NA,NA,NA,NA,NA,NA,NA,NA,NA,NA,NA,NA,NA,NA,NA,NA,NA,NA
"1814",NA,NA,NA,NA,NA,NA,NA,NA,NA,NA,NA,0.661,NA,NA,NA,NA,NA,NA,NA,NA,NA,0.511,NA,NA,NA,NA,NA,NA,NA,NA,NA,NA,NA,NA,NA,NA,NA,NA,NA,NA,NA,NA,NA,NA,NA,NA,NA,NA,NA,NA,NA,NA,NA,NA,NA,NA,NA,NA,NA,NA,NA,NA,NA,NA,NA,NA,NA,NA,NA,NA,NA,NA,NA,NA,NA,NA,NA,NA,NA,NA,NA,NA,NA,NA,NA,NA
"1815",NA,NA,NA,NA,NA,NA,NA,NA,NA,NA,NA,0.701,NA,NA,NA,NA,NA,NA,NA,NA,NA,0.761,NA,NA,NA,NA,NA,NA,NA,NA,NA,NA,NA,NA,NA,NA,NA,NA,NA,NA,NA,NA,NA,NA,NA,NA,NA,NA,NA,NA,NA,NA,NA,NA,NA,NA,NA,NA,NA,NA,NA,NA,NA,NA,NA,NA,NA,NA,NA,NA,NA,NA,NA,NA,NA,NA,NA,NA,NA,NA,NA,NA,NA,NA,NA,NA
"1816",NA,NA,NA,NA,NA,NA,NA,NA,NA,NA,NA,0.235,NA,NA,NA,NA,NA,NA,NA,NA,NA,1.137,NA,NA,NA,NA,NA,NA,NA,NA,NA,NA,NA,NA,NA,NA,NA,NA,NA,NA,NA,NA,NA,NA,NA,NA,NA,NA,NA,NA,NA,NA,NA,NA,NA,NA,NA,NA,NA,NA,NA,NA,NA,NA,NA,NA,NA,NA,NA,NA,NA,NA,NA,NA,NA,NA,NA,NA,NA,NA,NA,NA,NA,NA,NA,NA
"1817",NA,NA,NA,NA,NA,NA,NA,NA,NA,NA,NA,0.492,NA,NA,NA,NA,NA,NA,NA,NA,NA,2.306,NA,NA,NA,NA,NA,NA,NA,NA,NA,NA,NA,NA,NA,NA,NA,NA,NA,NA,NA,NA,NA,NA,NA,NA,NA,NA,NA,NA,NA,NA,NA,NA,NA,NA,NA,NA,NA,NA,NA,NA,NA,NA,NA,NA,NA,NA,NA,NA,NA,NA,NA,NA,NA,NA,NA,NA,NA,NA,NA,NA,NA,NA,NA,NA
"1818",NA,NA,NA,NA,NA,NA,NA,NA,NA,NA,NA,0.398,NA,NA,NA,NA,NA,NA,NA,NA,NA,1.408,NA,NA,NA,NA,NA,NA,NA,NA,NA,NA,NA,NA,NA,NA,NA,NA,NA,NA,NA,NA,NA,NA,NA,NA,NA,NA,NA,NA,NA,NA,NA,NA,NA,NA,NA,NA,NA,NA,0.621,NA,NA,NA,NA,NA,NA,NA,NA,NA,NA,NA,NA,NA,NA,NA,NA,NA,NA,NA,NA,NA,NA,NA,NA,NA
"1819",NA,NA,NA,NA,NA,NA,NA,NA,NA,NA,NA,0.37,NA,NA,NA,NA,NA,NA,NA,NA,NA,1.87,NA,NA,NA,NA,NA,NA,NA,NA,NA,NA,NA,NA,NA,NA,NA,NA,NA,NA,NA,NA,NA,NA,NA,NA,NA,NA,NA,NA,NA,NA,NA,NA,NA,NA,NA,NA,NA,NA,0.533,NA,NA,NA,NA,NA,NA,NA,NA,NA,NA,NA,NA,NA,NA,NA,NA,NA,NA,NA,NA,NA,NA,NA,NA,NA
"1820",NA,NA,NA,NA,NA,NA,NA,NA,NA,NA,NA,0.194,NA,NA,NA,NA,NA,NA,NA,NA,NA,1.062,NA,NA,NA,NA,NA,NA,NA,NA,NA,NA,NA,NA,NA,NA,NA,NA,NA,NA,NA,NA,NA,NA,NA,NA,NA,NA,NA,NA,NA,NA,NA,NA,NA,NA,NA,NA,NA,NA,0.48,NA,NA,NA,NA,NA,NA,NA,NA,NA,NA,NA,NA,NA,NA,NA,NA,NA,NA,NA,NA,NA,NA,NA,NA,NA
"1821",NA,NA,NA,NA,NA,NA,NA,NA,NA,NA,NA,0.133,NA,NA,NA,NA,NA,NA,NA,NA,NA,1.401,NA,NA,NA,NA,NA,NA,NA,NA,NA,NA,NA,NA,NA,NA,NA,NA,NA,NA,NA,NA,NA,NA,NA,NA,NA,NA,NA,NA,NA,NA,NA,NA,NA,NA,NA,NA,NA,NA,0.534,NA,NA,NA,NA,NA,NA,NA,NA,NA,NA,NA,NA,NA,NA,NA,NA,NA,NA,NA,NA,NA,NA,NA,NA,NA
"1822",NA,NA,NA,NA,NA,NA,NA,NA,NA,NA,NA,0.156,NA,NA,NA,NA,NA,NA,NA,NA,NA,0.495,NA,NA,NA,NA,NA,NA,NA,NA,NA,NA,NA,NA,NA,NA,NA,NA,NA,NA,NA,NA,NA,NA,NA,NA,NA,NA,NA,NA,NA,NA,NA,NA,NA,NA,NA,NA,NA,NA,0.464,NA,NA,NA,NA,NA,NA,NA,NA,NA,NA,NA,NA,NA,NA,NA,NA,NA,NA,NA,NA,NA,NA,NA,NA,NA
"1823",NA,NA,NA,NA,NA,NA,NA,NA,NA,NA,NA,0.216,NA,NA,NA,NA,NA,NA,NA,NA,NA,0.813,NA,NA,NA,NA,NA,NA,NA,NA,NA,NA,NA,NA,NA,NA,NA,NA,NA,NA,NA,NA,NA,NA,NA,NA,NA,NA,NA,NA,NA,NA,NA,NA,NA,NA,NA,NA,NA,NA,0.409,NA,NA,NA,NA,NA,NA,NA,NA,NA,NA,NA,NA,NA,NA,NA,NA,NA,NA,NA,NA,NA,NA,NA,NA,NA
"1824",NA,NA,NA,NA,NA,NA,NA,NA,NA,NA,NA,0.226,NA,NA,NA,NA,NA,NA,NA,NA,NA,0.846,NA,NA,NA,NA,NA,NA,NA,NA,NA,NA,NA,NA,NA,NA,NA,NA,NA,NA,NA,NA,NA,NA,NA,NA,NA,NA,NA,NA,NA,NA,NA,NA,NA,NA,NA,NA,NA,NA,0.523,NA,NA,NA,NA,NA,NA,NA,NA,NA,NA,NA,NA,NA,NA,NA,NA,NA,NA,NA,NA,NA,NA,NA,NA,NA
"1825",NA,NA,NA,NA,NA,NA,NA,NA,NA,NA,NA,0.214,NA,NA,NA,NA,NA,NA,NA,NA,NA,1.524,NA,NA,NA,NA,NA,NA,NA,NA,NA,NA,NA,NA,NA,NA,NA,NA,NA,NA,NA,NA,NA,NA,NA,NA,NA,NA,NA,NA,NA,NA,NA,NA,NA,NA,NA,NA,NA,1.19,0.752,NA,NA,NA,NA,NA,NA,NA,NA,NA,NA,NA,NA,NA,NA,NA,NA,NA,NA,NA,NA,NA,NA,NA,1.077,NA
"1826",NA,NA,NA,NA,NA,NA,NA,NA,NA,NA,NA,0.223,NA,NA,NA,NA,NA,NA,NA,NA,NA,1.795,NA,NA,NA,NA,NA,NA,NA,NA,NA,NA,NA,NA,NA,NA,NA,NA,NA,NA,NA,NA,NA,NA,NA,NA,NA,NA,NA,NA,NA,NA,NA,NA,NA,NA,NA,NA,NA,0.943,1.105,NA,NA,NA,NA,NA,NA,NA,NA,NA,NA,NA,NA,NA,NA,NA,NA,NA,NA,NA,NA,NA,NA,NA,1.016,NA
"1827",NA,NA,NA,NA,NA,NA,NA,NA,NA,NA,NA,0.16,NA,NA,NA,NA,NA,NA,NA,NA,NA,2.031,NA,NA,NA,NA,NA,NA,NA,NA,NA,NA,NA,NA,NA,NA,NA,NA,NA,NA,NA,NA,NA,NA,NA,NA,NA,NA,NA,NA,NA,NA,NA,NA,NA,NA,NA,NA,NA,0.756,1.076,NA,NA,NA,NA,NA,NA,NA,NA,NA,NA,NA,NA,NA,NA,NA,NA,NA,NA,NA,NA,NA,NA,NA,1.244,NA
"1828",NA,NA,NA,NA,NA,NA,NA,NA,NA,NA,NA,0.133,NA,NA,NA,NA,NA,NA,NA,NA,NA,2.045,NA,NA,NA,NA,NA,NA,NA,NA,NA,NA,NA,NA,NA,NA,NA,NA,NA,NA,NA,NA,NA,NA,NA,NA,NA,NA,NA,NA,NA,NA,NA,NA,NA,NA,NA,NA,NA,0.92,1.348,NA,NA,NA,NA,NA,NA,NA,NA,NA,NA,NA,NA,NA,NA,NA,NA,NA,NA,NA,NA,NA,NA,NA,1.791,NA
"1829",NA,NA,NA,NA,NA,NA,NA,NA,NA,NA,NA,0.217,NA,NA,NA,NA,NA,NA,NA,NA,NA,1.889,NA,NA,NA,NA,NA,NA,NA,NA,NA,NA,NA,NA,NA,NA,NA,NA,NA,NA,NA,NA,NA,NA,NA,NA,NA,NA,NA,NA,NA,NA,NA,NA,NA,NA,NA,NA,NA,0.839,1.44,NA,NA,NA,NA,NA,NA,NA,NA,NA,NA,NA,NA,NA,NA,NA,NA,NA,NA,NA,NA,NA,NA,NA,2.005,NA
"1830",NA,NA,NA,1.198,NA,NA,NA,NA,NA,NA,NA,0.108,NA,NA,NA,NA,NA,NA,NA,NA,NA,1.83,NA,NA,NA,NA,NA,NA,NA,NA,NA,NA,NA,NA,NA,NA,NA,NA,NA,NA,NA,NA,NA,NA,NA,NA,NA,NA,NA,NA,NA,NA,NA,NA,NA,NA,NA,NA,NA,1.025,1.459,NA,NA,NA,NA,NA,NA,NA,NA,NA,NA,NA,NA,NA,NA,NA,NA,NA,NA,NA,NA,NA,NA,NA,2.356,NA
"1831",NA,NA,NA,1.063,NA,NA,NA,NA,NA,NA,NA,0.256,NA,NA,NA,NA,NA,NA,NA,NA,NA,1.162,NA,NA,NA,NA,NA,NA,NA,NA,NA,NA,NA,NA,NA,NA,NA,NA,NA,NA,NA,NA,NA,NA,NA,NA,NA,NA,NA,NA,NA,NA,NA,NA,NA,NA,NA,NA,NA,1.172,0.835,NA,NA,NA,NA,NA,NA,NA,NA,NA,NA,NA,NA,NA,NA,NA,NA,NA,NA,NA,NA,NA,NA,NA,2.325,NA
"1832",NA,NA,NA,0.646,NA,NA,NA,NA,NA,NA,NA,0.416,NA,NA,NA,NA,NA,NA,NA,NA,NA,1.09,NA,NA,NA,NA,NA,NA,NA,NA,NA,NA,NA,NA,NA,NA,NA,NA,NA,NA,NA,NA,NA,NA,NA,NA,NA,NA,NA,NA,NA,NA,NA,NA,NA,NA,NA,NA,NA,0.438,1.013,NA,NA,NA,NA,NA,NA,NA,NA,NA,NA,NA,NA,NA,NA,NA,NA,NA,NA,NA,NA,NA,NA,NA,2.667,NA
"1833",NA,NA,NA,0.877,NA,NA,NA,NA,NA,NA,NA,0.4,NA,NA,NA,NA,NA,NA,NA,NA,NA,1.469,NA,NA,NA,NA,NA,NA,NA,NA,NA,NA,NA,NA,NA,NA,NA,NA,NA,NA,NA,NA,NA,NA,NA,NA,NA,NA,NA,NA,NA,NA,NA,NA,NA,NA,NA,NA,NA,0.424,0.528,NA,NA,NA,NA,NA,NA,NA,NA,NA,NA,NA,NA,NA,NA,NA,NA,NA,NA,NA,NA,NA,NA,NA,2.764,1.327
"1834",NA,NA,NA,1.519,NA,NA,NA,NA,NA,NA,NA,0.448,NA,NA,NA,NA,NA,NA,NA,NA,NA,1.798,NA,NA,NA,NA,NA,NA,NA,NA,NA,NA,NA,NA,NA,NA,NA,NA,NA,NA,NA,NA,NA,NA,NA,NA,NA,NA,NA,NA,NA,NA,NA,NA,NA,NA,NA,NA,NA,0.373,0.473,NA,NA,NA,NA,NA,NA,NA,NA,NA,NA,NA,NA,NA,NA,NA,NA,NA,NA,NA,NA,NA,NA,NA,2.792,1.289
"1835",NA,NA,NA,0.947,NA,NA,NA,NA,NA,NA,NA,0.658,NA,NA,NA,NA,NA,NA,NA,NA,NA,1.145,NA,NA,NA,NA,NA,NA,NA,NA,NA,NA,NA,NA,NA,NA,NA,NA,NA,NA,NA,NA,NA,NA,NA,NA,NA,NA,NA,NA,NA,NA,NA,NA,NA,NA,NA,NA,NA,0.376,0.367,NA,NA,NA,NA,NA,NA,NA,NA,NA,NA,NA,NA,NA,NA,NA,NA,NA,NA,NA,NA,NA,NA,NA,3.045,1.311
"1836",NA,NA,NA,1.041,NA,NA,NA,NA,NA,NA,NA,0.573,NA,NA,NA,NA,NA,NA,NA,NA,NA,1.438,NA,NA,NA,NA,NA,NA,NA,NA,NA,NA,NA,NA,NA,NA,NA,NA,NA,NA,NA,NA,NA,NA,NA,NA,NA,NA,NA,NA,NA,NA,NA,NA,NA,NA,NA,NA,NA,0.221,0.659,NA,NA,NA,NA,NA,NA,NA,NA,NA,NA,NA,NA,NA,NA,NA,NA,NA,NA,NA,NA,NA,NA,NA,2.104,1.122
"1837",NA,NA,NA,1.103,NA,NA,NA,NA,NA,NA,NA,0.786,NA,NA,NA,NA,NA,NA,NA,NA,NA,1.33,NA,NA,NA,1.234,NA,NA,NA,NA,NA,NA,NA,NA,NA,NA,NA,NA,NA,NA,NA,NA,NA,NA,NA,NA,NA,NA,NA,NA,NA,NA,NA,NA,NA,NA,NA,NA,NA,0.322,0.533,NA,NA,NA,NA,NA,NA,NA,NA,NA,NA,NA,NA,NA,NA,NA,NA,NA,NA,NA,NA,NA,NA,NA,1.375,1.219
"1838",NA,NA,NA,1.142,NA,NA,NA,NA,NA,NA,NA,0.297,NA,NA,NA,NA,NA,NA,NA,NA,NA,1.284,NA,NA,NA,0.485,NA,NA,NA,NA,NA,NA,NA,NA,NA,NA,NA,NA,NA,NA,NA,NA,NA,NA,NA,NA,NA,NA,NA,NA,NA,NA,NA,NA,NA,NA,NA,NA,NA,0.572,0.386,NA,NA,NA,NA,NA,NA,NA,NA,NA,NA,NA,NA,NA,NA,NA,NA,NA,NA,NA,NA,NA,NA,NA,1.668,0.964
"1839",NA,NA,NA,1.235,NA,NA,NA,NA,NA,NA,NA,0.633,NA,NA,NA,NA,NA,NA,NA,NA,NA,1.155,NA,NA,NA,0.578,NA,NA,NA,NA,NA,NA,NA,NA,NA,NA,NA,NA,NA,NA,NA,NA,NA,NA,NA,NA,NA,NA,NA,NA,NA,NA,NA,NA,NA,NA,NA,NA,NA,0.332,0.628,NA,NA,NA,NA,NA,NA,NA,NA,NA,NA,NA,NA,NA,NA,NA,NA,NA,NA,NA,NA,NA,NA,NA,2.026,0.967
"1840",NA,NA,NA,1.283,NA,NA,NA,NA,NA,NA,NA,0.205,NA,NA,NA,NA,NA,NA,NA,NA,NA,1.081,NA,NA,NA,0.63,NA,NA,NA,NA,NA,NA,NA,NA,NA,NA,NA,NA,NA,NA,NA,NA,NA,NA,NA,NA,NA,NA,NA,NA,NA,NA,NA,NA,NA,NA,NA,NA,NA,0.275,0.622,NA,NA,NA,NA,NA,NA,NA,NA,NA,NA,NA,NA,NA,NA,NA,NA,NA,NA,NA,NA,NA,NA,NA,2.298,0.733
"1841",NA,NA,NA,1.352,NA,NA,NA,NA,NA,NA,NA,0.168,NA,NA,NA,NA,NA,NA,NA,NA,NA,1.025,NA,NA,NA,0.892,NA,NA,NA,NA,NA,NA,NA,NA,NA,NA,NA,NA,NA,NA,NA,NA,NA,NA,NA,NA,NA,NA,NA,NA,NA,NA,NA,NA,NA,NA,NA,NA,NA,0.324,0.568,NA,NA,NA,NA,NA,NA,NA,NA,NA,NA,NA,NA,NA,NA,NA,NA,NA,NA,NA,NA,NA,NA,NA,1.728,0.975
"1842",NA,NA,NA,1.629,NA,NA,NA,NA,NA,NA,NA,0.189,NA,NA,NA,NA,NA,NA,NA,NA,NA,0.964,NA,NA,NA,0.584,NA,NA,NA,NA,NA,NA,NA,NA,NA,NA,NA,NA,NA,NA,NA,NA,NA,NA,NA,NA,NA,NA,NA,NA,NA,NA,NA,NA,NA,NA,NA,NA,NA,0.478,0.573,NA,NA,NA,NA,NA,NA,NA,NA,NA,NA,NA,NA,NA,NA,NA,NA,NA,NA,NA,NA,NA,NA,NA,1.606,1.027
"1843",NA,NA,NA,1.193,NA,NA,NA,NA,NA,NA,NA,0.174,NA,NA,NA,NA,NA,NA,NA,NA,NA,0.877,NA,NA,NA,0.602,NA,NA,NA,NA,NA,NA,NA,NA,NA,NA,NA,NA,NA,NA,NA,NA,NA,NA,NA,NA,NA,NA,NA,NA,NA,NA,NA,NA,NA,NA,NA,NA,NA,0.653,0.84,NA,NA,NA,NA,NA,NA,NA,NA,NA,NA,NA,NA,NA,NA,NA,NA,NA,NA,NA,NA,NA,NA,NA,1.815,0.822
"1844",NA,NA,NA,1.162,NA,NA,NA,NA,NA,NA,NA,0.332,NA,NA,NA,NA,NA,NA,NA,NA,NA,0.795,NA,NA,NA,0.493,NA,NA,NA,NA,NA,NA,NA,NA,NA,NA,NA,NA,NA,NA,NA,NA,NA,NA,NA,NA,NA,NA,NA,NA,NA,NA,NA,NA,NA,NA,NA,NA,NA,0.524,0.841,NA,NA,NA,NA,NA,NA,NA,NA,NA,NA,NA,NA,NA,NA,NA,0.404,NA,NA,NA,NA,NA,NA,NA,1.525,0.603
"1845",NA,NA,NA,0.706,NA,NA,0.904,NA,NA,NA,NA,0.16,NA,NA,NA,NA,NA,NA,NA,NA,NA,0.875,NA,NA,NA,0.968,NA,NA,NA,NA,NA,NA,NA,NA,NA,NA,NA,NA,NA,NA,NA,NA,NA,NA,NA,NA,NA,NA,NA,NA,NA,NA,NA,NA,NA,NA,NA,NA,NA,0.524,0.79,NA,NA,NA,NA,NA,NA,NA,NA,NA,NA,NA,NA,NA,NA,NA,0.452,NA,NA,NA,NA,NA,NA,NA,1.667,0.598
"1846",NA,NA,NA,0.685,NA,NA,1.017,NA,NA,NA,NA,0.15,NA,NA,NA,NA,NA,NA,NA,NA,NA,1.741,NA,NA,NA,0.45,NA,NA,NA,NA,NA,NA,NA,NA,NA,NA,NA,NA,NA,NA,NA,NA,NA,NA,NA,NA,NA,NA,NA,NA,NA,NA,NA,NA,NA,NA,NA,NA,NA,0.696,1.081,NA,NA,NA,NA,NA,NA,NA,NA,NA,NA,NA,NA,NA,NA,NA,0.386,NA,NA,NA,NA,NA,NA,NA,1.946,0.595
"1847",NA,NA,NA,0.686,NA,NA,1.047,NA,NA,NA,NA,0.191,NA,NA,NA,NA,NA,NA,NA,NA,NA,1.393,NA,NA,NA,0.509,NA,NA,NA,NA,NA,NA,NA,NA,NA,NA,NA,NA,NA,NA,NA,NA,NA,NA,NA,NA,NA,NA,NA,NA,NA,NA,NA,NA,NA,NA,NA,NA,NA,0.78,0.487,NA,NA,NA,NA,NA,NA,NA,NA,NA,NA,NA,NA,NA,NA,NA,0.287,NA,NA,NA,NA,NA,NA,NA,2.224,0.8
"1848",NA,NA,NA,1.021,NA,NA,1.075,NA,NA,NA,NA,0.24,NA,NA,NA,NA,NA,1.36,NA,NA,NA,2.2,NA,NA,NA,0.646,NA,NA,NA,NA,NA,NA,NA,NA,NA,NA,NA,NA,NA,NA,NA,NA,NA,NA,NA,NA,NA,NA,NA,NA,NA,NA,NA,NA,NA,NA,NA,NA,NA,0.748,0.808,NA,NA,NA,NA,NA,NA,NA,NA,NA,NA,NA,NA,NA,NA,NA,0.316,NA,NA,NA,NA,NA,NA,NA,1.709,0.725
"1849",NA,NA,NA,1.243,NA,NA,0.399,NA,NA,NA,NA,0.159,NA,NA,NA,NA,NA,1.015,NA,NA,NA,1.697,NA,NA,NA,0.518,NA,NA,NA,NA,NA,NA,NA,NA,NA,NA,NA,NA,NA,NA,NA,NA,NA,NA,NA,NA,NA,NA,NA,NA,NA,NA,NA,NA,NA,NA,NA,NA,NA,0.836,0.791,NA,NA,NA,NA,NA,NA,NA,NA,NA,NA,NA,NA,NA,NA,NA,0.304,NA,NA,NA,NA,NA,NA,NA,1.977,0.692
"1850",NA,NA,NA,1.356,NA,NA,0.523,NA,NA,NA,NA,0.141,NA,NA,NA,NA,NA,1.189,NA,NA,NA,1.53,NA,NA,NA,0.46,NA,NA,NA,NA,NA,NA,NA,NA,NA,NA,NA,NA,NA,NA,NA,NA,NA,NA,NA,NA,NA,NA,NA,NA,NA,NA,NA,NA,NA,NA,NA,NA,NA,0.502,0.837,NA,NA,NA,NA,NA,NA,NA,NA,NA,NA,NA,NA,NA,NA,NA,0.26,NA,NA,NA,NA,NA,NA,NA,1.641,0.919
"1851",NA,NA,NA,1.533,NA,NA,0.893,NA,NA,NA,NA,0.202,NA,NA,NA,NA,NA,0.869,NA,NA,NA,1.577,NA,NA,NA,0.149,NA,NA,NA,NA,NA,NA,NA,NA,NA,NA,NA,NA,NA,NA,NA,NA,NA,NA,NA,NA,NA,NA,NA,NA,NA,NA,NA,NA,NA,NA,NA,NA,NA,0.427,0.654,NA,NA,NA,NA,NA,NA,NA,NA,NA,NA,NA,NA,NA,NA,NA,0.254,NA,NA,NA,NA,NA,NA,NA,1.643,1.113
"1852",NA,NA,NA,0.924,NA,NA,2.18,NA,NA,NA,NA,0.236,NA,NA,NA,NA,NA,0.967,NA,NA,NA,1.444,NA,NA,NA,0.537,NA,NA,NA,NA,NA,NA,NA,NA,NA,NA,NA,NA,NA,NA,NA,NA,NA,NA,NA,NA,NA,NA,NA,NA,NA,NA,NA,NA,NA,NA,NA,NA,NA,0.389,0.953,NA,NA,NA,NA,NA,NA,NA,NA,NA,NA,NA,NA,NA,NA,NA,0.23,NA,NA,NA,NA,NA,NA,NA,2.235,0.79
"1853",NA,NA,NA,0.648,NA,NA,0.688,NA,NA,NA,NA,0.273,NA,NA,NA,NA,NA,0.825,NA,NA,NA,1.66,NA,NA,NA,0.237,NA,NA,NA,NA,NA,NA,NA,NA,NA,NA,NA,NA,NA,NA,NA,NA,NA,NA,NA,NA,NA,NA,NA,NA,NA,NA,NA,NA,NA,NA,NA,NA,NA,0.536,1.008,NA,NA,NA,NA,NA,NA,NA,NA,NA,NA,NA,NA,0.884,NA,NA,0.388,NA,NA,NA,NA,NA,NA,NA,2.142,0.84
"1854",NA,NA,NA,1.024,NA,NA,1.374,NA,NA,NA,NA,0.183,NA,NA,NA,NA,NA,0.729,NA,NA,NA,1.744,NA,NA,NA,0.195,NA,NA,NA,NA,NA,NA,NA,NA,NA,NA,NA,NA,NA,NA,NA,NA,NA,NA,NA,NA,NA,NA,NA,NA,NA,NA,NA,NA,NA,NA,NA,NA,NA,0.389,0.468,NA,NA,NA,NA,NA,NA,NA,NA,NA,NA,NA,NA,0.571,NA,NA,0.331,NA,NA,NA,NA,NA,NA,NA,3.873,0.816
"1855",NA,NA,NA,0.987,NA,NA,1.159,NA,NA,NA,NA,0.199,NA,NA,NA,NA,NA,0.858,NA,NA,NA,1.398,NA,NA,NA,0.177,NA,NA,NA,NA,NA,NA,NA,NA,NA,NA,NA,NA,NA,NA,NA,NA,NA,NA,NA,NA,NA,NA,NA,NA,NA,NA,NA,NA,NA,NA,NA,NA,NA,0.385,0.528,NA,1.569,NA,NA,NA,NA,NA,NA,NA,NA,NA,NA,0.78,NA,NA,0.736,NA,NA,NA,NA,NA,NA,NA,2.213,0.849
"1856",NA,NA,NA,0.819,NA,NA,1.188,NA,NA,NA,NA,0.208,NA,NA,NA,NA,NA,0.852,NA,NA,NA,1.864,NA,NA,NA,0.154,NA,NA,NA,NA,NA,NA,NA,NA,NA,NA,NA,NA,NA,NA,NA,NA,NA,NA,NA,NA,NA,NA,NA,NA,NA,NA,NA,NA,NA,NA,NA,NA,NA,0.46,0.407,NA,1.578,NA,NA,NA,NA,NA,NA,NA,NA,NA,NA,1.589,NA,NA,0.573,NA,NA,NA,NA,NA,NA,NA,2.239,0.8
"1857",NA,NA,NA,0.824,NA,NA,0.865,NA,NA,NA,NA,0.189,NA,NA,NA,NA,NA,0.51,NA,NA,NA,0.997,NA,NA,NA,0.136,NA,NA,NA,NA,NA,NA,NA,NA,NA,NA,NA,NA,NA,NA,NA,NA,NA,NA,NA,NA,NA,NA,NA,NA,NA,NA,NA,NA,NA,NA,NA,NA,NA,0.414,0.473,NA,1.162,NA,NA,NA,NA,NA,NA,NA,NA,NA,NA,1.1,NA,NA,0.72,NA,NA,NA,NA,NA,NA,NA,2.247,0.948
"1858",NA,NA,NA,0.592,NA,NA,0.943,NA,NA,NA,NA,0.177,NA,NA,NA,NA,NA,0.653,NA,NA,NA,1.187,NA,NA,NA,0.429,NA,NA,NA,NA,NA,NA,NA,NA,NA,NA,NA,NA,NA,NA,0.427,NA,NA,NA,NA,NA,NA,NA,NA,NA,NA,NA,NA,NA,NA,NA,NA,NA,NA,0.493,0.457,NA,1.021,NA,NA,NA,NA,NA,NA,NA,NA,NA,NA,1.089,NA,NA,0.624,NA,NA,NA,NA,NA,NA,NA,2.112,0.882
"1859",NA,NA,NA,1.595,NA,NA,1.507,NA,NA,NA,NA,0.142,NA,NA,NA,NA,NA,0.626,NA,NA,NA,1.641,NA,NA,NA,0.375,NA,NA,NA,NA,NA,NA,NA,NA,NA,NA,NA,NA,NA,NA,0.49,NA,NA,NA,NA,NA,NA,NA,NA,NA,NA,NA,NA,NA,NA,NA,NA,NA,NA,0.266,0.397,NA,1.852,NA,NA,NA,NA,NA,NA,NA,NA,NA,NA,1.111,NA,NA,0.305,NA,NA,NA,NA,NA,NA,NA,1.672,1.35
"1860",NA,NA,NA,1.388,NA,NA,1.856,NA,NA,NA,NA,0.185,NA,NA,NA,NA,NA,0.559,NA,NA,NA,2.045,NA,NA,NA,0.301,NA,NA,NA,NA,NA,NA,NA,NA,NA,NA,NA,NA,NA,NA,0.489,NA,NA,NA,NA,NA,NA,NA,NA,NA,NA,NA,NA,NA,NA,NA,NA,NA,NA,0.25,0.242,NA,2.102,NA,NA,NA,NA,NA,NA,NA,NA,NA,NA,1.951,NA,NA,0.242,NA,NA,NA,NA,NA,NA,NA,1.609,1.356
"1861",NA,NA,NA,0.931,NA,NA,0.661,NA,NA,NA,NA,0.143,NA,NA,NA,NA,NA,0.577,NA,NA,NA,1.447,NA,NA,NA,0.418,NA,NA,NA,NA,NA,NA,NA,NA,NA,NA,NA,NA,NA,NA,0.867,NA,NA,NA,NA,NA,NA,NA,NA,NA,NA,NA,NA,NA,NA,NA,NA,NA,NA,0.623,0.325,NA,1.684,NA,NA,NA,NA,NA,NA,NA,NA,NA,NA,1.559,NA,NA,1.245,NA,NA,NA,NA,NA,NA,NA,1.561,1.554
"1862",NA,NA,NA,0.941,NA,NA,0.488,NA,NA,NA,NA,0.076,NA,NA,NA,NA,NA,0.496,NA,NA,NA,1.998,NA,NA,NA,0.331,NA,NA,NA,NA,NA,NA,NA,NA,NA,NA,NA,NA,NA,NA,1.084,NA,NA,NA,NA,NA,NA,NA,NA,NA,NA,NA,NA,NA,NA,NA,NA,NA,NA,0.215,0.397,NA,1.841,NA,NA,NA,NA,NA,NA,NA,NA,NA,NA,1.705,NA,NA,1.451,NA,NA,NA,NA,NA,NA,NA,1.394,1.561
"1863",NA,NA,NA,1.472,NA,NA,0.928,NA,NA,NA,NA,0.181,NA,NA,NA,NA,NA,0.573,NA,NA,NA,2.281,NA,NA,NA,0.394,NA,NA,NA,NA,NA,NA,NA,NA,NA,NA,NA,NA,NA,NA,0.354,NA,NA,NA,NA,NA,NA,NA,NA,NA,NA,NA,NA,NA,NA,NA,NA,NA,NA,0.494,0.332,NA,1.603,NA,NA,NA,NA,NA,NA,NA,NA,NA,NA,1.894,NA,NA,1.478,NA,NA,NA,NA,NA,NA,NA,1.161,0.85
"1864",NA,NA,NA,0.728,NA,NA,0.847,NA,NA,NA,NA,0.385,NA,NA,NA,NA,NA,0.382,NA,NA,NA,2.244,NA,NA,NA,0.236,NA,NA,NA,NA,NA,NA,NA,NA,NA,NA,NA,NA,NA,NA,0.42,NA,NA,NA,NA,NA,NA,NA,NA,NA,NA,NA,NA,NA,NA,NA,NA,NA,NA,0.528,0.429,NA,1.682,NA,NA,NA,NA,NA,NA,NA,NA,NA,NA,2.036,NA,NA,0.899,NA,NA,NA,NA,NA,NA,NA,0.932,0.661
"1865",NA,NA,NA,0.971,NA,NA,0.518,NA,NA,NA,NA,0.29,NA,NA,NA,NA,NA,0.409,NA,NA,NA,2.779,NA,NA,NA,0.396,NA,NA,NA,NA,NA,NA,NA,NA,NA,NA,NA,NA,NA,NA,0.439,NA,NA,NA,NA,NA,NA,NA,NA,NA,NA,NA,NA,NA,NA,NA,NA,NA,NA,0.556,0.291,NA,2.319,NA,NA,NA,NA,NA,NA,NA,NA,NA,NA,1.528,NA,NA,1.578,NA,NA,NA,NA,NA,NA,NA,1.13,0.543
"1866",NA,NA,NA,0.761,NA,NA,0.673,NA,NA,NA,NA,0.48,NA,NA,NA,NA,NA,0.307,NA,NA,NA,1.847,NA,NA,NA,0.256,NA,NA,NA,NA,NA,NA,NA,NA,NA,NA,NA,NA,NA,NA,0.531,NA,NA,NA,NA,NA,NA,NA,NA,NA,NA,NA,NA,NA,NA,NA,NA,NA,NA,0.218,0.316,NA,1.232,NA,NA,NA,NA,NA,NA,NA,NA,NA,NA,1.681,NA,NA,1.386,2.169,NA,NA,NA,NA,NA,NA,1.227,0.379
"1867",NA,NA,NA,0.84,NA,NA,0.504,NA,NA,NA,NA,0.203,NA,NA,NA,NA,NA,0.286,NA,NA,NA,2.522,NA,3.488,NA,0.275,NA,NA,NA,NA,NA,NA,NA,NA,NA,NA,NA,NA,NA,NA,0.596,NA,NA,NA,NA,NA,NA,NA,NA,NA,NA,NA,NA,NA,NA,NA,NA,NA,NA,0.339,0.29,NA,1.465,NA,NA,NA,NA,NA,NA,NA,NA,NA,NA,1.495,NA,NA,1.194,2.108,NA,NA,NA,NA,NA,NA,1.191,0.553
"1868",NA,NA,NA,0.621,NA,NA,0.387,NA,NA,NA,NA,0.129,NA,NA,NA,NA,NA,0.311,NA,NA,NA,1.942,NA,1.945,NA,0.145,NA,NA,NA,NA,NA,NA,NA,NA,NA,NA,NA,NA,NA,NA,0.461,NA,NA,NA,NA,NA,NA,NA,NA,NA,NA,NA,NA,NA,NA,NA,NA,NA,NA,0.428,0.318,NA,1.189,NA,NA,NA,NA,NA,NA,NA,NA,NA,NA,1.534,NA,NA,0.978,2.507,NA,NA,NA,NA,NA,NA,1.321,0.47
"1869",NA,NA,NA,1.284,NA,NA,0.633,NA,NA,NA,NA,0.273,NA,NA,NA,NA,NA,0.26,NA,NA,NA,2.561,NA,2.016,NA,0.357,NA,NA,NA,NA,NA,NA,NA,NA,NA,1.093,NA,NA,NA,NA,0.407,NA,NA,NA,NA,NA,NA,NA,NA,NA,NA,NA,NA,NA,NA,NA,NA,NA,NA,0.229,0.978,NA,1.872,NA,NA,NA,NA,NA,NA,NA,NA,NA,NA,1.421,NA,NA,1.536,3.283,NA,NA,NA,NA,NA,NA,0.937,0.494
"1870",NA,NA,NA,1.076,NA,NA,0.462,NA,NA,NA,NA,0.14,NA,NA,NA,NA,NA,0.299,NA,NA,1.138,1.793,NA,1.876,NA,0.314,NA,NA,NA,NA,NA,NA,NA,NA,NA,1.045,NA,NA,NA,NA,0.446,NA,NA,NA,NA,NA,NA,NA,NA,NA,NA,NA,NA,NA,NA,NA,NA,NA,NA,0.314,0.43,NA,1.426,NA,NA,NA,NA,NA,NA,NA,NA,NA,NA,1.419,NA,NA,1.194,3.197,NA,NA,NA,NA,NA,NA,1.354,0.427
"1871",NA,NA,NA,0.925,NA,NA,0.485,NA,NA,NA,NA,0.339,NA,NA,NA,NA,NA,0.362,NA,NA,1.231,1.898,NA,2.539,NA,0.188,NA,NA,NA,NA,NA,NA,NA,NA,NA,0.818,NA,NA,NA,NA,0.528,NA,NA,NA,NA,NA,NA,NA,NA,NA,NA,NA,NA,NA,NA,NA,NA,NA,NA,0.311,0.663,NA,1.313,NA,NA,NA,NA,NA,NA,NA,NA,NA,NA,1.513,NA,NA,1.088,2.745,NA,NA,NA,NA,NA,NA,1.191,0.469
"1872",NA,NA,NA,0.874,NA,NA,0.406,NA,NA,NA,NA,0.256,NA,NA,NA,NA,NA,0.315,NA,NA,1.364,1.554,NA,2.513,NA,0.197,NA,NA,NA,NA,NA,NA,NA,NA,NA,0.785,NA,NA,NA,NA,0.461,NA,NA,NA,NA,NA,NA,NA,NA,NA,NA,NA,NA,NA,NA,NA,NA,NA,NA,0.61,0.466,NA,1.3,NA,NA,NA,NA,NA,NA,NA,NA,NA,NA,2.568,NA,NA,0.971,2.77,NA,NA,NA,NA,NA,NA,1.077,0.518
"1873",NA,NA,NA,1.038,NA,NA,0.396,NA,NA,NA,NA,0.222,NA,NA,NA,NA,NA,0.412,NA,NA,1.615,1.585,NA,2.23,NA,0.088,NA,NA,NA,NA,NA,NA,NA,NA,NA,0.866,NA,NA,NA,NA,1.193,NA,NA,NA,NA,NA,NA,NA,NA,NA,NA,NA,NA,NA,NA,NA,NA,NA,NA,0.667,0.941,NA,1.294,NA,NA,NA,NA,NA,NA,NA,NA,NA,NA,3.781,NA,NA,1.292,2.598,NA,NA,NA,NA,NA,NA,0.946,0.481
"1874",NA,NA,NA,1.114,NA,NA,0.558,NA,NA,NA,NA,0.141,NA,NA,NA,NA,NA,0.295,NA,NA,1.883,1.806,NA,3.091,NA,0.192,NA,NA,NA,NA,NA,NA,NA,NA,NA,1.096,NA,NA,NA,NA,1.197,NA,NA,NA,NA,NA,NA,NA,NA,NA,NA,NA,NA,NA,NA,NA,NA,NA,NA,0.571,0.962,NA,1.694,NA,NA,NA,NA,NA,3.122,NA,NA,NA,NA,2.418,NA,NA,1.416,2.883,NA,NA,NA,NA,NA,NA,0.714,0.417
"1875",NA,NA,NA,1.128,NA,NA,0.376,NA,NA,NA,NA,0.204,NA,NA,NA,NA,NA,0.264,NA,NA,1.599,1.95,NA,3.382,NA,0.224,NA,NA,NA,NA,NA,NA,NA,NA,NA,0.816,NA,NA,NA,NA,1.069,NA,NA,NA,NA,NA,NA,NA,NA,NA,NA,NA,NA,NA,NA,NA,NA,NA,NA,0.387,0.744,NA,1.331,NA,NA,NA,NA,NA,3.428,NA,NA,NA,NA,2.043,NA,NA,1.541,2.721,NA,NA,NA,NA,NA,NA,0.771,0.406
"1876",NA,NA,NA,1.154,NA,NA,0.426,NA,NA,NA,NA,0.269,NA,NA,NA,NA,NA,0.369,NA,NA,1.173,2.704,NA,3.457,NA,0.372,NA,NA,NA,NA,NA,NA,NA,NA,NA,1.092,NA,NA,NA,NA,0.86,NA,NA,NA,NA,NA,NA,NA,NA,NA,NA,NA,NA,NA,NA,NA,NA,NA,NA,0.317,0.896,NA,1.127,NA,NA,NA,NA,NA,2.517,NA,NA,NA,NA,1.588,NA,NA,1.415,2.993,NA,NA,NA,NA,NA,NA,1.133,0.437
"1877",NA,NA,NA,0.882,NA,NA,0.243,NA,NA,NA,NA,0.165,NA,2.291,NA,NA,NA,0.29,NA,NA,1.399,3.119,NA,3.015,NA,0.706,NA,NA,NA,NA,NA,NA,NA,NA,NA,0.872,NA,2.586,NA,NA,1.038,NA,NA,NA,NA,NA,NA,NA,NA,NA,NA,NA,NA,NA,NA,NA,NA,NA,NA,0.23,1.273,NA,1.341,NA,NA,NA,NA,NA,1.942,NA,NA,NA,NA,1.308,NA,NA,1.605,3.393,NA,NA,NA,NA,NA,NA,1.191,0.295
"1878",NA,NA,NA,1.087,NA,NA,0.459,NA,NA,NA,NA,0.173,NA,3.401,NA,NA,NA,0.22,NA,1.38,2.31,2.884,NA,3.583,NA,0.881,NA,NA,NA,NA,NA,NA,NA,NA,NA,0.763,NA,4.122,NA,NA,1.058,NA,NA,NA,NA,NA,NA,NA,NA,NA,NA,NA,NA,NA,NA,NA,NA,NA,NA,0.515,1.557,NA,1.225,NA,NA,NA,NA,NA,2.895,NA,NA,NA,NA,1.057,NA,NA,1.357,3.265,NA,NA,NA,NA,NA,NA,1.164,0.362
"1879",1.632,NA,NA,1.259,NA,NA,0.335,NA,NA,NA,NA,0.099,NA,1.27,NA,NA,NA,0.383,NA,1.016,1.36,3.409,NA,3.816,NA,0.905,NA,NA,NA,NA,NA,NA,NA,NA,NA,0.723,NA,3.548,NA,NA,0.965,NA,NA,NA,NA,NA,NA,NA,NA,NA,NA,NA,NA,NA,NA,NA,NA,NA,NA,0.357,1.299,NA,1.569,NA,NA,NA,NA,NA,2.418,NA,NA,NA,NA,1.187,NA,NA,1.321,2.859,NA,NA,NA,NA,NA,NA,1.313,0.425
"1880",1.257,NA,NA,1.083,NA,NA,0.391,NA,2.143,NA,NA,0.333,NA,1.752,NA,NA,NA,0.397,NA,0.932,1.295,2.83,NA,4.833,NA,0.723,NA,NA,NA,NA,NA,NA,NA,NA,NA,1.045,NA,3.846,NA,NA,0.899,NA,NA,NA,NA,NA,NA,NA,NA,NA,NA,NA,NA,NA,NA,NA,NA,NA,NA,0.495,1.058,NA,1.403,NA,NA,NA,NA,NA,2.371,NA,NA,NA,NA,2.177,NA,NA,1.144,3.182,NA,NA,NA,NA,NA,NA,1.338,0.522
"1881",1.682,NA,NA,1.149,NA,NA,0.243,NA,2.862,NA,NA,0.69,NA,2.468,NA,NA,NA,0.326,NA,0.625,1.371,3.414,NA,4.41,NA,0.91,NA,NA,NA,NA,NA,NA,NA,NA,NA,0.7,NA,4.4,NA,NA,1.167,NA,NA,NA,NA,NA,NA,NA,NA,NA,NA,NA,NA,NA,NA,NA,NA,NA,NA,0.473,1.414,NA,1.586,NA,NA,NA,NA,NA,1.823,NA,NA,NA,NA,1.675,NA,NA,1.217,3.687,4.509,NA,NA,NA,NA,NA,1.013,0.721
"1882",1.306,NA,NA,0.838,NA,NA,0.411,NA,2.314,NA,NA,0.632,NA,2.209,NA,NA,NA,0.368,NA,0.457,1.192,2.451,NA,3.561,NA,0.793,NA,NA,NA,NA,NA,NA,NA,NA,NA,0.82,NA,3.646,NA,NA,0.87,NA,NA,NA,NA,NA,NA,NA,NA,NA,NA,NA,NA,NA,NA,NA,NA,NA,NA,0.614,0.991,NA,1.298,NA,NA,NA,NA,NA,1.567,NA,NA,NA,NA,1.251,NA,NA,1.064,3.717,3.779,NA,NA,NA,NA,NA,1.181,0.787
"1883",2.571,NA,NA,1.049,NA,NA,0.326,NA,3.044,NA,NA,0.666,NA,3.231,NA,NA,NA,0.224,NA,0.746,1.226,2.32,NA,2.296,NA,1.201,NA,NA,NA,NA,NA,NA,NA,NA,NA,0.851,NA,4.787,NA,NA,0.996,NA,NA,NA,NA,NA,NA,NA,NA,NA,NA,NA,NA,NA,NA,NA,NA,NA,NA,0.532,0.9,NA,1.149,NA,NA,NA,NA,NA,1.047,NA,NA,NA,NA,1.228,NA,NA,0.868,3.605,3.35,NA,NA,NA,NA,NA,1.494,0.811
"1884",2.668,NA,NA,1.137,NA,NA,0.301,NA,2.337,NA,NA,0.586,NA,1.881,NA,NA,NA,0.322,NA,0.932,0.978,2.489,NA,3.145,NA,1.059,NA,NA,NA,NA,NA,NA,NA,NA,NA,0.711,NA,3.856,NA,NA,1.019,NA,NA,NA,NA,NA,NA,NA,NA,NA,NA,NA,NA,NA,NA,NA,NA,NA,NA,0.538,0.508,NA,1.334,NA,NA,NA,NA,NA,1.273,NA,NA,NA,NA,1.658,NA,NA,0.916,2.806,2.895,NA,NA,NA,NA,NA,1.247,0.776
"1885",3.385,NA,NA,1.485,NA,NA,0.301,NA,3.315,NA,NA,0.35,NA,2.637,NA,NA,NA,0.22,NA,0.806,1.706,2.664,NA,1.776,NA,0.937,NA,NA,NA,NA,NA,NA,NA,NA,NA,0.986,NA,4.822,NA,NA,1.226,NA,NA,NA,NA,NA,NA,NA,NA,NA,NA,NA,NA,NA,NA,NA,NA,NA,NA,0.818,0.818,NA,1.019,NA,NA,NA,NA,NA,1.344,NA,NA,NA,NA,2.503,NA,NA,0.97,2.965,3.087,NA,NA,NA,NA,NA,1.697,0.917
"1886",3.162,NA,NA,1.632,NA,NA,0.269,NA,1.989,NA,NA,0.412,NA,2.267,NA,NA,NA,0.232,NA,0.474,1.006,2.418,NA,2.414,NA,0.615,NA,NA,NA,NA,NA,NA,NA,NA,NA,0.767,NA,3.359,NA,NA,1.016,NA,NA,NA,NA,NA,NA,NA,NA,NA,NA,NA,NA,NA,NA,NA,NA,NA,NA,0.664,0.601,NA,0.779,NA,NA,NA,NA,NA,1.946,NA,NA,NA,NA,2.418,NA,NA,0.775,1.968,3.286,NA,NA,NA,NA,NA,2.635,0.645
"1887",2.723,NA,NA,1.311,NA,NA,0.234,NA,2.308,NA,NA,0.229,NA,2.758,NA,NA,NA,0.156,NA,0.628,1.379,1.773,NA,1.802,NA,0.545,NA,NA,NA,NA,NA,NA,NA,NA,NA,0.522,NA,4.102,NA,NA,0.98,NA,NA,NA,NA,NA,NA,NA,NA,NA,NA,NA,NA,NA,NA,NA,NA,NA,NA,0.409,0.351,NA,1.358,NA,NA,NA,NA,NA,2.25,NA,NA,NA,NA,2.291,NA,NA,0.96,2.24,4.129,NA,NA,NA,NA,NA,2.157,0.73
"1888",1.803,NA,NA,1.079,NA,NA,0.677,NA,2.085,NA,NA,0.269,NA,2.54,NA,NA,NA,0.354,NA,0.375,1.394,1.987,NA,1.728,NA,0.792,NA,NA,NA,NA,NA,NA,NA,NA,NA,0.647,NA,3.546,NA,NA,0.969,NA,NA,NA,NA,NA,NA,NA,NA,NA,NA,NA,NA,NA,NA,NA,NA,NA,NA,0.456,0.426,NA,1.141,NA,NA,NA,NA,NA,1.856,NA,NA,NA,NA,2.91,NA,NA,0.926,2.619,4.398,NA,NA,NA,NA,NA,1.728,0.898
"1889",3.009,NA,NA,1.42,NA,NA,1.262,NA,3.676,NA,NA,0.263,NA,2.145,NA,NA,NA,0.444,NA,0.404,2.76,2.302,NA,2.406,NA,1.419,NA,NA,NA,NA,NA,NA,NA,NA,NA,0.956,NA,5.269,NA,NA,0.962,NA,NA,NA,NA,NA,NA,NA,NA,NA,NA,NA,NA,NA,NA,NA,NA,NA,NA,0.75,0.484,NA,1.185,NA,NA,NA,NA,NA,2.315,NA,NA,NA,NA,2.347,NA,NA,1.264,3.542,3.691,NA,NA,NA,NA,NA,1.551,1.321
"1890",2.148,NA,NA,0.901,NA,NA,0.872,NA,2.005,NA,NA,0.445,NA,2.68,NA,NA,NA,0.455,NA,0.319,1.747,1.676,NA,2.244,NA,0.689,NA,NA,NA,NA,NA,NA,NA,NA,NA,0.792,NA,4.763,NA,NA,1.183,NA,NA,NA,NA,NA,NA,NA,NA,NA,NA,NA,NA,NA,NA,NA,NA,NA,NA,0.495,0.441,NA,1.477,NA,NA,NA,NA,NA,1.798,NA,NA,NA,NA,2.414,NA,NA,1.15,1.77,2.751,NA,NA,NA,NA,NA,1.812,0.938
"1891",2.843,NA,NA,1.344,NA,NA,0.761,NA,2.222,NA,NA,0.233,NA,1.855,NA,NA,NA,0.42,NA,0.303,1.425,2.368,NA,2.002,NA,0.784,NA,NA,NA,NA,NA,NA,NA,NA,NA,0.649,NA,3.349,NA,NA,0.998,NA,NA,NA,NA,NA,NA,NA,NA,NA,NA,NA,NA,NA,NA,NA,NA,NA,NA,0.378,0.304,NA,1.731,NA,NA,NA,NA,NA,1.948,NA,NA,NA,NA,2.04,NA,NA,1.22,1.371,2.472,NA,NA,NA,NA,NA,1.87,0.693
"1892",2.556,NA,NA,1.126,NA,NA,0.732,NA,1.638,NA,NA,0.323,NA,2.793,NA,NA,NA,0.297,NA,0.257,1.56,3.012,NA,1.46,NA,0.574,NA,NA,NA,NA,NA,NA,NA,NA,NA,0.531,NA,2.885,1.64,NA,0.906,NA,NA,NA,NA,NA,NA,NA,NA,NA,NA,NA,NA,NA,NA,NA,NA,NA,NA,0.498,0.49,NA,2.508,NA,NA,NA,NA,NA,1.973,NA,NA,NA,NA,2.198,NA,NA,1.416,1.791,2.776,NA,NA,NA,NA,NA,1.762,0.754
"1893",1.527,NA,NA,0.904,NA,NA,0.478,NA,1.032,NA,NA,0.238,NA,1.854,NA,NA,NA,0.33,NA,0.366,1.013,2.017,NA,1.412,NA,0.395,NA,NA,NA,NA,NA,NA,NA,NA,NA,0.693,NA,2.885,1.246,NA,1.015,NA,NA,NA,NA,NA,NA,NA,NA,NA,NA,NA,NA,NA,NA,NA,NA,NA,NA,0.527,0.412,NA,2.465,NA,NA,NA,NA,NA,1.955,NA,NA,NA,NA,1.856,NA,NA,0.991,1.51,3.726,NA,NA,NA,NA,NA,1.087,0.865
"1894",1.785,NA,NA,0.754,NA,NA,0.329,NA,0.697,NA,NA,0.458,NA,2.059,NA,NA,NA,0.403,NA,0.35,0.981,2.319,NA,1.038,NA,0.19,1.862,NA,NA,NA,NA,NA,NA,NA,NA,0.805,NA,3.104,1.579,NA,0.636,NA,NA,NA,NA,NA,NA,NA,NA,NA,NA,NA,NA,NA,NA,NA,NA,NA,NA,0.959,0.474,NA,2.041,NA,NA,NA,NA,NA,1.514,NA,NA,NA,NA,1.539,NA,NA,0.887,1.335,2.534,NA,NA,NA,NA,2.938,1.135,0.688
"1895",1.198,NA,NA,0.725,NA,NA,0.388,NA,0.352,NA,NA,0.486,NA,1.688,NA,NA,NA,0.29,NA,0.32,0.984,2.042,NA,1.299,NA,0.124,2.647,NA,NA,NA,NA,2.739,NA,NA,NA,0.727,NA,2.893,1.977,NA,0.801,NA,NA,NA,NA,NA,NA,NA,NA,NA,NA,NA,NA,NA,NA,NA,NA,NA,NA,0.747,0.361,NA,1.701,NA,NA,NA,NA,NA,1.368,NA,NA,NA,NA,1.294,NA,NA,0.963,1.249,2.032,NA,NA,NA,NA,2.475,1.619,0.817
"1896",2.476,NA,NA,0.734,NA,NA,0.583,NA,1.081,NA,NA,1.076,NA,2.168,1.115,NA,NA,0.475,NA,0.279,1.769,1.861,5.477,1.098,NA,0.159,2.568,NA,NA,NA,NA,3.022,NA,NA,NA,1.206,NA,3.702,2.819,NA,0.758,NA,NA,NA,NA,NA,NA,NA,NA,NA,NA,NA,NA,NA,NA,NA,NA,NA,NA,1.132,0.691,NA,1.584,NA,NA,NA,NA,NA,1.162,NA,NA,NA,NA,1.324,NA,NA,0.949,2.05,2.745,NA,NA,NA,NA,2.693,1.426,1.231
"1897",2.307,NA,NA,0.965,NA,NA,0.641,NA,1.552,NA,NA,0.515,NA,2.126,1.588,NA,NA,0.499,NA,0.335,1.506,1.948,4.812,1.274,NA,0.152,2.525,NA,NA,NA,NA,3.312,NA,NA,NA,1.129,NA,5.25,3.694,NA,1.663,NA,NA,NA,NA,NA,NA,NA,NA,NA,NA,NA,NA,NA,NA,NA,NA,NA,NA,0.786,0.959,NA,1.799,NA,NA,NA,NA,NA,1.417,NA,NA,NA,NA,1.396,NA,NA,0.882,1.486,2.575,NA,NA,NA,3.118,2.55,1.303,1.939
"1898",1.607,NA,NA,0.566,NA,NA,0.564,NA,1.097,NA,NA,0.356,NA,2.694,1.209,NA,NA,0.278,NA,0.243,1.701,1.564,5.556,1.299,NA,0.175,2.75,NA,NA,NA,NA,2.608,NA,NA,NA,1.064,NA,3.248,3.899,NA,1.302,NA,NA,NA,NA,NA,NA,NA,NA,NA,NA,NA,NA,NA,NA,NA,NA,NA,NA,0.649,0.887,NA,2.542,NA,NA,NA,NA,NA,1.182,NA,NA,NA,NA,1.643,NA,NA,0.75,1.36,1.921,NA,NA,NA,2.508,1.782,1.493,2.108
"1899",2.398,NA,NA,0.892,NA,NA,0.573,NA,0.791,NA,NA,0.408,NA,1.824,1.714,NA,NA,0.3,NA,0.269,1.607,1.747,3.106,1.078,NA,0.154,2.803,NA,NA,NA,NA,2.813,NA,NA,NA,1.221,NA,2.925,3.276,NA,1.187,NA,NA,NA,NA,NA,NA,NA,NA,NA,NA,NA,2.272,NA,NA,NA,NA,NA,NA,1.024,0.814,NA,2.256,NA,NA,NA,NA,NA,1.01,NA,NA,NA,NA,2.19,NA,NA,0.814,0.993,1.982,NA,NA,NA,3.127,1.602,0.89,2.474
"1900",1.789,NA,NA,0.673,NA,NA,0.3,NA,0.834,NA,NA,0.644,NA,2.037,1.118,NA,NA,0.256,NA,0.201,1.231,1.386,2.102,0.982,NA,0.286,2.667,NA,NA,NA,NA,3.363,NA,NA,NA,1.773,NA,2.542,2.575,NA,1.153,NA,NA,NA,NA,NA,NA,NA,NA,NA,NA,NA,2.124,NA,NA,NA,NA,NA,NA,0.692,0.933,NA,2.228,NA,NA,NA,NA,NA,0.868,NA,NA,NA,NA,1.34,NA,NA,0.773,1.402,1.949,NA,NA,NA,5.598,1.598,1.142,2.007
"1901",2.431,NA,NA,0.544,NA,NA,0.663,NA,1.084,NA,NA,0.674,2.152,2.502,2.055,NA,NA,0.263,NA,0.209,2.548,1.365,2.461,1.031,NA,0.119,2.521,NA,NA,NA,NA,2.305,NA,NA,NA,2.153,NA,2.698,3.111,NA,0.867,NA,NA,NA,NA,NA,NA,NA,NA,NA,NA,NA,2.459,NA,NA,NA,NA,NA,NA,0.769,1.042,NA,1.783,NA,NA,NA,NA,NA,0.753,NA,NA,NA,NA,1.129,NA,NA,0.692,1.298,1.87,NA,NA,NA,4.281,1.412,0.76,3.368
"1902",2.371,NA,NA,1.368,NA,NA,0.717,NA,3.51,NA,NA,0.989,3.075,2.881,2.961,NA,NA,0.354,NA,0.226,3.72,1.794,3.79,1.973,NA,0.153,3.713,NA,NA,NA,NA,4.379,NA,NA,NA,3.731,NA,3.986,4.237,NA,0.97,NA,NA,NA,NA,NA,NA,NA,NA,NA,NA,NA,1.854,NA,NA,NA,NA,NA,NA,0.839,2.157,NA,2.361,NA,NA,NA,NA,NA,2.006,NA,NA,NA,NA,1.926,NA,NA,1.077,1.067,1.94,NA,NA,NA,4.632,2.008,1.618,4.11
"1903",2.618,NA,NA,1.17,NA,NA,1.164,NA,2.638,NA,NA,0.597,2.348,2.901,2.687,NA,NA,0.25,NA,0.198,2.58,2.012,4.242,2.159,NA,0.166,4.399,NA,NA,NA,NA,3.636,NA,NA,NA,3.916,NA,2.797,3.646,NA,1.44,NA,NA,NA,NA,NA,NA,NA,NA,NA,NA,NA,1.286,NA,NA,NA,NA,NA,NA,0.675,1.761,NA,2.636,NA,NA,NA,NA,NA,2.317,NA,NA,NA,NA,2.001,NA,NA,1.234,0.893,1.63,NA,NA,NA,5.847,1.798,1.442,4.1
"1904",2.751,NA,NA,1.012,NA,NA,1.222,NA,4.288,NA,NA,0.511,2.166,3.479,2.257,NA,NA,0.207,NA,0.204,2.866,1.889,3.488,1.887,NA,0.741,4.648,NA,NA,NA,NA,3.594,NA,NA,NA,4.233,NA,3.027,3.641,NA,1.418,NA,NA,NA,NA,NA,NA,NA,NA,NA,NA,NA,1.697,NA,NA,NA,NA,NA,NA,0.593,2.349,NA,3.919,NA,NA,NA,NA,NA,1.861,NA,NA,NA,NA,2.58,NA,NA,1.197,1.385,1.623,NA,NA,NA,3.293,1.599,1.307,3.569
"1905",2.932,NA,NA,0.748,NA,NA,0.694,NA,4.115,NA,NA,0.175,1.475,2.539,2.184,NA,NA,0.389,NA,0.205,2.5,1.586,2.919,1.822,NA,1.078,3.402,NA,NA,NA,NA,4.282,NA,NA,NA,3.617,NA,3.077,3.186,NA,1.277,NA,NA,NA,NA,NA,NA,3.039,NA,NA,NA,NA,1.575,NA,NA,NA,NA,NA,NA,0.531,2.224,NA,3.181,NA,NA,NA,NA,NA,2.007,NA,NA,NA,NA,2.93,NA,NA,1.377,1.207,1.579,NA,NA,NA,4.961,1.234,1.559,3.21
"1906",3.092,NA,NA,0.788,NA,NA,0.64,NA,2.602,NA,NA,0.192,1.175,2.584,2.4,NA,NA,0.88,NA,0.123,2.055,1.756,2.874,2.095,NA,1.54,3.342,NA,NA,NA,NA,4.225,NA,NA,NA,3.063,NA,2.97,2.711,NA,1.429,NA,NA,NA,NA,NA,NA,2.719,NA,NA,NA,NA,1.38,NA,NA,NA,NA,NA,NA,0.183,1.63,NA,1.592,NA,NA,NA,NA,NA,1.991,NA,NA,NA,NA,3.917,NA,NA,1.545,1.274,1.94,NA,NA,NA,5.343,1.227,1.645,3.037
"1907",2.382,NA,NA,0.538,10.826,NA,0.476,NA,2.73,NA,NA,0.229,1.01,2.106,1.69,NA,1.363,0.993,4.518,0.175,1.594,1.403,2.055,1.656,3.426,1.618,2.626,NA,NA,NA,NA,4.144,NA,NA,NA,2.277,NA,1.849,2.831,NA,1.194,NA,NA,NA,NA,NA,NA,1.933,NA,NA,NA,NA,1.236,NA,NA,NA,NA,2.605,NA,0.286,1.009,NA,1.338,NA,NA,NA,NA,NA,1.899,NA,NA,NA,NA,3.14,NA,NA,1.276,1.197,1.785,NA,NA,NA,2.059,1.223,0.987,2.345
"1908",2.548,NA,NA,1.167,8.644,NA,0.639,NA,2.884,NA,NA,0.317,1.159,2.108,1.387,NA,1.521,1.264,6.288,0.189,2.072,1.699,2.103,2.011,3.536,1.633,3.531,NA,NA,NA,NA,5.282,NA,NA,NA,2.751,NA,2.269,3.912,NA,0.996,NA,NA,NA,NA,NA,NA,2.203,NA,NA,NA,NA,1.26,NA,NA,5.08,NA,3.149,NA,0.355,1.439,NA,2.305,NA,NA,NA,NA,NA,2.251,NA,NA,NA,NA,3.745,NA,NA,0.909,1.676,2.414,NA,NA,1.061,3.292,1.488,1.432,2.722
"1909",1.982,NA,NA,0.718,2.418,NA,0.377,NA,1.367,NA,NA,0.414,0.699,1.447,1.323,NA,1.211,1.123,2.953,0.296,1.874,1.292,1.651,1.75,2.559,1.153,2.989,NA,NA,NA,NA,3.934,NA,NA,NA,2.238,NA,2.372,2.747,NA,1.038,NA,NA,NA,NA,NA,NA,2.2,NA,NA,NA,NA,0.556,NA,NA,3.823,NA,2.281,NA,0.531,0.853,NA,2.746,NA,NA,NA,NA,NA,1.744,NA,NA,NA,NA,2.426,NA,NA,0.852,1.284,1.564,NA,0.734,0.503,3.456,1.451,1.361,2.347
"1910",2.206,NA,NA,0.745,1.372,NA,0.299,NA,1.42,NA,NA,0.528,0.989,1.268,1.288,NA,1.143,1.14,3.422,0.209,1.97,0.959,1.376,1.616,2.644,1.528,2.836,NA,NA,NA,NA,3.823,NA,NA,NA,1.595,NA,2.1,2.859,NA,0.794,NA,NA,NA,NA,NA,NA,1.579,NA,NA,NA,NA,0.764,NA,NA,4.675,NA,2.9,NA,0.464,1.243,NA,2.803,NA,NA,NA,NA,NA,1.874,NA,NA,NA,NA,1.801,NA,NA,0.748,1.342,1.696,2.755,0.868,0.603,2.209,1.127,1.137,2.519
"1911",1.459,NA,NA,0.615,0.781,NA,0.498,NA,1.362,NA,NA,0.402,1.247,1.199,1.036,NA,1.379,0.73,2.862,0.32,1.365,1.339,1.725,1.708,3.35,1.069,3.611,NA,NA,NA,3.606,4.139,NA,NA,NA,2.002,NA,2.386,2.627,NA,1.207,NA,NA,NA,NA,NA,NA,2.172,NA,NA,NA,NA,0.659,NA,NA,5.21,NA,2.533,NA,0.411,1.764,NA,2.661,NA,NA,NA,NA,NA,1.857,NA,NA,NA,NA,2.039,NA,NA,1.338,1.148,1.324,3.629,0.826,0.365,3.365,1.121,0.819,2.736
"1912",1.666,NA,NA,1.213,1.203,NA,0.449,NA,2.102,NA,NA,0.74,1.096,1.236,1.005,NA,1.879,1.271,2.508,0.416,1.928,2.098,1.983,1.526,3.037,1.595,3.204,NA,NA,NA,2.757,4.332,NA,NA,NA,2.105,NA,2.335,2.808,NA,1.288,NA,NA,NA,NA,NA,NA,2.031,NA,NA,NA,NA,0.476,NA,NA,4.535,NA,2.767,NA,0.797,1.514,NA,4.002,NA,NA,NA,NA,NA,1.865,NA,NA,NA,NA,3.027,NA,NA,0.929,1.282,1.45,3.154,1.182,1.307,4.723,1.275,0.871,2.771
"1913",1.605,NA,NA,0.787,1.192,NA,0.434,NA,2.765,NA,NA,0.313,0.944,1.437,0.787,NA,1.668,1.109,2.578,0.467,2.268,1.627,1.835,1.841,3.681,1.882,2.786,NA,NA,NA,2.285,3.688,NA,NA,NA,1.858,NA,2.009,2.6,NA,0.667,NA,NA,NA,NA,NA,NA,2.319,NA,NA,NA,NA,0.258,NA,NA,4.593,NA,2.567,NA,0.894,1.555,NA,2.594,NA,NA,NA,NA,NA,1.501,NA,NA,NA,NA,2.485,NA,NA,1.137,1.247,1.851,3.136,1.451,1.572,2.954,1.233,0.487,2.514
"1914",1.369,NA,NA,0.69,1.01,NA,0.499,NA,1.903,4.641,NA,0.195,1.212,1.108,0.903,NA,1.636,1.017,2.095,0.581,1.779,1.42,0.983,1.415,4.198,1.74,2.552,NA,NA,NA,2.49,2.754,NA,NA,NA,1.71,NA,1.853,2.17,NA,0.819,NA,NA,NA,NA,NA,NA,2.082,NA,NA,NA,NA,0.319,NA,NA,5.388,NA,2.231,NA,0.309,1.501,NA,2.037,NA,NA,NA,NA,NA,1.38,NA,NA,NA,NA,2.365,NA,1.885,0.883,0.646,1.288,2.742,1.185,1.678,1.926,1.03,0.967,2.4
"1915",2.281,NA,NA,1.23,1.585,NA,1.112,NA,2.583,2.851,NA,0.193,2.097,1.186,1.002,NA,1.677,1.262,2.224,0.657,2.254,1.433,2.004,1.713,6.592,2.888,2.913,NA,NA,NA,3.108,2.605,NA,NA,NA,2.439,NA,3.443,3.393,NA,0.92,NA,NA,NA,NA,NA,NA,3.15,NA,NA,NA,NA,0.222,NA,NA,5.458,NA,3.056,NA,1.367,2.028,NA,2.324,NA,NA,NA,NA,NA,1.454,NA,NA,NA,NA,2.639,NA,2.163,1.161,1.17,1.89,2.909,1.459,1.671,3.734,1.37,0.499,2.902
"1916",2.189,4.586,NA,0.905,1.226,NA,1.149,NA,2.257,2.098,NA,0.292,1.246,1.554,1.65,NA,1.39,1.158,1.912,0.836,2.067,1.696,1.634,1.605,4.709,2.393,2.488,NA,NA,NA,2.166,3.248,NA,NA,NA,2.621,NA,3.507,3.146,NA,1.232,NA,NA,NA,NA,NA,NA,3.548,NA,NA,NA,NA,0.386,NA,NA,4.463,NA,3.747,NA,1.979,1.992,NA,2.864,NA,NA,NA,NA,NA,1.41,NA,NA,NA,NA,2.599,NA,2.162,1.057,0.813,1.446,2.056,1.558,1.768,2.736,1.089,0.656,2.699
"1917",2.742,5.909,NA,0.82,1.988,1.944,1.301,NA,2.439,2.37,NA,0.514,1.186,1.781,2.614,NA,1.348,1.21,2.383,1.001,2.484,1.314,1.903,1.598,3.491,2.308,2.607,NA,NA,NA,1.78,3.144,NA,NA,NA,2.954,NA,3.206,2.831,NA,0.955,NA,NA,NA,NA,NA,NA,3.558,NA,NA,NA,NA,0.301,NA,NA,4.949,NA,3.32,NA,2.73,2.025,NA,3.2,NA,NA,NA,NA,NA,1.655,NA,NA,NA,NA,2.875,NA,2.3,1.347,0.743,1.088,2.478,1.444,2.547,1.674,0.878,0.458,2.626
"1918",2.376,5.146,NA,1.379,2.523,1.207,1.598,NA,2.041,1.719,NA,0.444,1.051,1.135,2.964,NA,1.167,1.189,1.832,0.968,1.41,1.265,0.944,1.155,1.89,1.692,2.433,NA,NA,NA,2.584,2.564,NA,NA,NA,2.469,NA,2.42,2.269,NA,0.791,NA,NA,NA,NA,NA,NA,3.532,NA,NA,NA,2.17,0.209,NA,NA,3.678,NA,3.155,NA,3.006,2,NA,3.012,NA,NA,NA,NA,NA,1.601,NA,NA,NA,NA,2.581,NA,2.375,0.993,0.409,0.888,2.916,1.23,3.551,3.144,0.484,0.864,2.105
"1919",2.88,7.232,NA,0.772,3.109,1.618,1.125,NA,1.722,1.946,NA,0.697,1.743,0.963,3.587,1.492,0.988,0.944,1.899,0.937,1.785,1.525,1.892,1.074,3.282,1.656,2.248,NA,NA,NA,2.328,2.563,NA,NA,NA,2.281,NA,2.163,2.325,NA,0.864,NA,NA,NA,NA,NA,NA,4.364,NA,NA,NA,2.452,0.242,NA,NA,3.928,NA,3.676,NA,3.145,2.001,NA,2.708,NA,NA,NA,NA,NA,1.654,NA,NA,NA,NA,1.853,NA,1.254,1.268,0.497,1.538,2.757,0.872,3.325,3.362,0.613,0.7,2.002
"1920",2.385,4.866,NA,1.289,3.422,2.974,1.285,NA,2.447,2.913,NA,0.658,1.769,0.976,3.174,1.75,1.211,0.79,2.232,1.158,1.508,1.277,1.75,0.959,2.334,2.628,2.266,NA,NA,NA,1.937,2.371,NA,NA,NA,2.149,NA,2.4,2.797,NA,0.787,NA,NA,NA,NA,NA,NA,5.117,NA,NA,NA,3.22,0.346,NA,NA,4.449,NA,3.485,NA,2.309,2.137,NA,2.25,NA,NA,NA,NA,NA,1.321,NA,NA,NA,NA,2.137,NA,1.485,1.291,0.475,0.946,1.685,1.149,3.194,2.003,0.604,0.682,2.08
"1921",1.997,4.365,NA,0.792,3.106,2.091,1.111,NA,0.983,2.102,NA,0.54,2.025,0.873,2.63,1.569,1.021,0.675,1.516,1.003,2.065,1.298,1.279,1.216,1.768,1.565,2.476,NA,NA,NA,1.988,2.744,NA,NA,NA,1.926,NA,2.223,2.235,NA,1.046,NA,NA,NA,NA,NA,NA,5.244,NA,NA,NA,2.833,0.417,NA,NA,3.458,NA,3.547,NA,3.595,1.467,NA,1.931,NA,NA,NA,NA,NA,1.485,NA,NA,NA,NA,1.894,NA,1.324,1.167,0.528,0.885,2.756,1.328,2.335,1.46,0.692,0.662,2.162
"1922",2.63,4.202,NA,1.079,2.127,4.39,1.818,NA,1.37,5.429,NA,0.859,2.3,1.032,2.564,1.836,1.114,0.643,1.875,1.393,2.779,1.437,1.719,0.831,4.579,3.075,3.098,NA,NA,NA,1.208,2.671,NA,NA,NA,2.451,NA,2.159,2.963,NA,0.781,NA,NA,NA,NA,NA,NA,5.171,NA,NA,NA,4.028,0.41,NA,NA,3.893,NA,3.533,NA,3.948,1.822,NA,2.788,NA,NA,NA,NA,NA,1.303,NA,NA,NA,NA,2.491,NA,2.349,1.506,0.787,1.554,2.229,1.493,3.2,2.641,0.622,1.217,2.675
"1923",1.976,2.932,NA,0.761,2.397,3.316,1.322,NA,1.29,2.678,NA,0.889,1.991,0.748,2.543,1.486,1.21,0.768,1.346,0.993,2.195,1.213,1.234,1.19,3.753,2.405,2.26,NA,NA,NA,1.583,2.52,NA,NA,NA,1.841,NA,2.181,2.208,NA,0.911,NA,NA,NA,NA,NA,NA,5,NA,NA,NA,3.82,0.733,NA,NA,3.055,NA,2.596,NA,3.364,1.501,NA,2.701,NA,NA,NA,NA,NA,1.156,NA,NA,NA,NA,1.88,NA,2.306,1.268,0.712,1.182,2.298,1.101,3.061,2.305,0.839,1.003,2.235
"1924",1.886,3.358,NA,0.762,3.61,3.752,0.872,NA,1.638,3.651,NA,1.368,2.222,0.803,2.315,1.612,1.238,0.78,1.459,1.001,2.432,1.084,1.496,1.278,4.478,2.566,2.954,NA,NA,NA,1.173,2.277,NA,NA,NA,1.887,NA,2.841,2.347,NA,0.809,NA,NA,NA,NA,NA,NA,4.905,NA,NA,NA,2.7,0.611,NA,NA,3.567,NA,2.725,NA,1.784,1.676,NA,3.471,NA,NA,NA,NA,NA,1.067,NA,NA,NA,NA,1.845,NA,3.267,1.023,0.538,1.221,2.294,1.294,1.981,2.289,0.832,0.735,2.479
"1925",2.128,4.345,NA,0.981,3.304,3.904,1.209,NA,1.953,3.482,NA,1.323,3.179,0.658,2.756,1.821,1.245,0.98,1.574,0.668,1.895,1.574,1.339,2.193,3.484,2.408,4.616,NA,NA,NA,1.33,2.306,NA,NA,NA,2.186,NA,2.325,1.899,NA,0.813,NA,2.605,NA,NA,NA,NA,5.093,NA,NA,NA,2.996,0.942,NA,NA,3.113,NA,3.02,NA,1.858,1.551,NA,3.389,NA,NA,NA,NA,NA,1.444,NA,NA,NA,NA,2.118,NA,3.545,1.387,0.576,1.361,2.109,0.856,3.349,2.453,0.994,0.703,1.834
"1926",2.578,4.574,NA,0.344,2.143,3.96,1.203,NA,2.254,2.151,NA,1.329,1.607,0.658,2.122,1.677,1.501,1.445,0.667,0.711,1.957,1.174,1.291,1.523,3.277,1.848,3.402,NA,2.149,NA,1.762,2.159,NA,NA,NA,2.294,NA,1.941,2.292,NA,0.852,NA,2.271,NA,NA,NA,NA,4.071,NA,NA,NA,2.53,1.79,NA,NA,3.187,NA,2.874,NA,1.417,0.937,NA,3.087,NA,NA,NA,NA,NA,1.164,NA,NA,NA,NA,1.96,NA,2.893,1.083,0.39,1.316,2.611,0.792,1.05,1.573,1.258,0.7,1.71
"1927",1.769,3.573,NA,0.323,2.43,3.073,0.789,NA,1.936,2.016,NA,1.922,2.382,0.883,2.441,2.332,1.351,1.113,0.663,0.792,2.457,1.377,1.835,1.831,1.878,2.008,2.056,NA,2.304,NA,2.3,1.886,NA,NA,NA,2.028,NA,2.236,2.141,NA,1.033,NA,2.802,NA,NA,NA,NA,3.918,NA,NA,NA,3.522,1.684,NA,NA,3.037,NA,2.644,NA,1.085,1.383,NA,2.782,NA,NA,NA,NA,NA,1.075,NA,NA,NA,NA,2.126,NA,2.617,1.147,0.429,1.235,2.551,1.206,1.382,2.162,1.901,0.851,1.574
"1928",1.384,2.905,NA,0.41,4.305,2.983,0.924,NA,1.546,2.979,2.392,2.186,2.475,1.011,2.357,2.875,1.295,1.107,0.899,0.695,2.604,1.474,2.105,1.331,1.706,1.945,2.18,NA,3.074,NA,1.492,2.633,NA,NA,NA,2.344,NA,1.913,2.145,NA,0.957,NA,3.283,NA,NA,NA,NA,3.874,NA,NA,NA,3.367,1.368,NA,NA,2.838,NA,3.53,NA,0.947,1.468,NA,2.692,NA,NA,NA,NA,NA,1.274,NA,NA,NA,NA,1.861,NA,3.174,1.355,0.383,1.35,2.522,1.41,1.664,2.022,1.721,0.521,1.515
"1929",1.052,2.807,2.48,0.422,3.698,2.668,1.076,NA,1.928,2.6,2.356,2.636,2.177,0.967,2.316,2.123,1.199,1.018,0.899,0.803,2.408,1.316,1.273,1.734,1.533,1.668,1.968,NA,2.556,NA,2.226,2.799,NA,NA,NA,2.174,NA,2.109,2.331,NA,1.379,NA,2.729,NA,NA,NA,NA,4.024,NA,NA,NA,2.819,1.326,NA,NA,2.258,NA,3.848,NA,1.042,1.72,NA,2.668,NA,NA,NA,1.136,NA,1.389,NA,NA,NA,NA,1.314,2.206,2.422,1.77,0.362,1.833,1.927,0.81,2.392,2.024,2.488,0.607,1.382
"1930",1.562,4.343,2.527,0.592,4.587,3.622,1.097,NA,1.495,3.038,1.904,3.264,1.952,0.861,2.446,2.012,1.338,1.14,1.122,0.975,2.411,1.142,1.346,1.419,1.902,1.454,2.137,NA,2.173,NA,2.485,2.86,NA,NA,NA,2.305,NA,1.679,2.645,NA,1.065,NA,3.28,NA,NA,NA,NA,3.517,NA,NA,NA,2.691,1.218,NA,NA,2.33,NA,4.321,NA,1.425,1.736,NA,2.379,NA,NA,NA,0.879,NA,1.49,NA,NA,NA,NA,1.637,2.046,2.477,1.836,0.463,2.524,1.759,1.253,2.465,3.058,1.733,0.536,1.347
"1931",1.388,4.363,2.635,0.569,6.246,2.485,1.114,NA,0.955,3.024,3.403,3.234,2.275,0.912,2.965,3.224,1.518,0.986,1.177,1.168,3.37,1.407,1.789,1.957,2.093,1.264,2.23,NA,3.24,NA,2.047,3.329,NA,NA,NA,2.308,NA,2.276,2.356,NA,1.259,NA,3.455,NA,NA,NA,NA,3.764,NA,NA,NA,2.498,1.321,NA,NA,2.994,NA,4.412,NA,1.909,3.047,NA,2.125,NA,NA,NA,1.72,NA,1.639,NA,NA,NA,NA,2.047,1.908,2.642,1.592,0.432,1.471,1.659,1.132,3.973,3.032,2.407,0.7,1.073
"1932",1.624,3.92,3.212,0.822,7.602,2.543,0.898,NA,1.109,2.973,2.729,3.366,2.089,0.898,2.25,3.196,1.41,0.884,1.021,1.838,2.772,1.434,1.349,2.303,2.119,1.414,2.189,NA,3.001,NA,1.649,2.632,NA,NA,NA,1.876,NA,1.877,1.801,NA,1.288,NA,3.511,NA,NA,NA,NA,3.573,NA,NA,NA,2.59,2.056,NA,NA,2.635,NA,3.781,NA,2.185,2.698,NA,1.884,NA,2.461,NA,1.553,NA,1.433,NA,NA,NA,NA,1.63,1.8,2.727,1.737,0.566,1.082,1.936,1.18,4.037,2.322,2.952,0.75,1.512
"1933",1.514,4.043,2.182,0.615,4.917,1.82,1.754,NA,1.022,2.224,1.727,2.456,1.715,0.728,2.108,3.816,1.378,0.84,0.719,2.769,2.691,1.265,1.263,1.849,1.747,1.163,2.184,NA,2.829,NA,1.542,1.922,NA,NA,NA,1.844,NA,1.383,1.649,NA,1.166,NA,2.014,NA,NA,NA,NA,3.175,NA,NA,NA,2.678,2.231,NA,NA,2.209,NA,2.987,NA,2.213,2.288,NA,1.666,NA,1.968,NA,2.058,4.262,1.379,NA,NA,NA,NA,1.36,1.693,1.957,1.163,0.656,1.3,2.414,0.933,2.548,2.165,3.374,0.783,1.528
"1934",1.473,3.277,1.628,0.633,4.75,1.561,2.285,NA,0.907,3.394,2.384,3.005,2.659,0.653,1.672,2.462,1.213,0.668,0.462,2.086,1.914,1.392,1.526,1.326,1.711,1.014,1.474,NA,2.405,NA,1.042,1.72,NA,NA,NA,1.921,NA,1.426,1.234,NA,1.195,4.78,2.758,NA,NA,NA,NA,2.559,NA,NA,NA,2.452,2.205,NA,NA,2.291,NA,2.754,NA,1.953,2.532,NA,1.571,NA,1.498,NA,2.735,3.396,1.173,NA,NA,NA,NA,1.317,1.617,1.858,1.994,0.547,1.419,2.218,0.623,3.977,2.516,2.115,0.878,1.205
"1935",1.941,2.806,2.643,0.564,5.698,2.512,2.347,NA,2.408,5.171,3.498,3.638,2.93,0.792,2.806,3.428,1.386,0.771,0.882,3.212,2.904,1.332,2.385,1.678,2.296,1.739,2.328,NA,3.129,NA,1.277,2.257,NA,NA,NA,2.683,NA,1.66,2.092,NA,1.391,7.22,4.234,NA,NA,NA,NA,3.128,NA,NA,NA,3.297,1.505,5.791,NA,2.97,NA,4.185,NA,2.711,3.281,NA,1.669,NA,2.774,NA,1.551,5.04,1.81,NA,NA,NA,NA,2.292,1.924,1.997,1.758,0.848,1.328,3.504,1.03,3.229,4.499,2.606,0.713,1.302
"1936",1.179,3.279,1.863,0.467,3.773,1.099,2.077,NA,1.398,2.021,1.861,3.072,1.906,0.399,1.634,1.76,1.214,0.897,0.498,1.468,2.003,1.111,1.292,1.242,1.252,0.669,1.755,NA,2.239,NA,1.138,1.778,NA,NA,NA,2.043,NA,1.177,1.793,NA,0.958,1.811,2.032,NA,NA,NA,NA,3.413,NA,NA,NA,3.129,1.197,5.144,NA,1.936,NA,3.783,NA,2.284,2.495,NA,1.531,NA,1.129,NA,2.465,3.45,1.303,NA,NA,NA,NA,2.225,1.323,1.388,1.359,0.495,1.338,2.446,0.578,2.477,0.546,0.896,0.696,1.404
"1937",1.805,4.411,1.876,0.727,6.634,1.097,3.19,NA,1.973,2.307,3.124,3.895,2.611,0.734,2.534,3.724,1.278,1.018,0.783,4.012,2.702,1.324,1.408,1.795,2.176,0.849,2.263,NA,3.351,NA,1.462,2.012,NA,NA,NA,2.784,NA,1.089,1.73,NA,1.131,5.119,1.863,NA,NA,NA,NA,3.862,NA,NA,NA,2.926,1.792,2.863,NA,3.518,NA,4.111,NA,2.607,3.925,NA,1.638,NA,2.193,NA,1.939,5.494,1.693,NA,NA,NA,NA,1.682,1.13,1.731,2.013,0.834,1.704,2.015,0.93,3.31,0.828,0.937,0.881,1.719
"1938",2.421,4.468,2.046,0.748,4.096,2.131,3.624,NA,2.876,1.856,2.945,2.968,2.491,0.773,2.926,3.55,1.803,1.083,1.461,3.925,2.356,1.393,1.421,1.231,1.82,1.411,3.001,NA,4.45,NA,1.994,1.79,NA,NA,NA,3.34,NA,1.116,2.397,NA,1.222,4.894,2.194,NA,NA,NA,NA,4.95,NA,NA,3.316,3.398,1.976,5.74,NA,3.24,NA,4.196,NA,2.492,4.623,NA,1.795,NA,1.149,NA,3.729,4.636,1.538,NA,NA,NA,NA,1.199,1.232,2.067,1.539,0.891,1.865,1.007,0.538,4.244,1.691,1.079,0.966,1.507
"1939",1.912,3.502,2.47,1.059,4.746,1.935,3.133,NA,2.153,2.626,3.756,3.831,2.533,0.592,2.782,2.564,1.402,1.266,1.213,3.706,2.685,1.17,1.385,1.803,1.863,1.232,2.811,NA,4.35,NA,1.418,2.454,NA,NA,NA,2.627,NA,1.62,2.13,NA,1.493,5.398,2.109,NA,NA,NA,NA,5.211,NA,NA,3.013,3.93,3.162,5.488,NA,4.604,NA,4.653,NA,2.234,3.659,NA,2.118,NA,1.038,NA,2.735,4.096,1.433,NA,NA,NA,NA,1.463,1.186,1.835,1.974,1.183,2.018,1.607,1.191,3.678,1.79,1.292,0.836,1.722
"1940",2.29,4.542,1.913,1.193,4.486,2.744,3.283,NA,3.543,3.452,3.578,3.783,3.127,0.588,2.259,3.39,1.551,1.31,1.605,4.46,3.43,0.834,1.639,1.596,3.093,1.565,3.071,NA,3.99,NA,1.39,2.78,NA,NA,NA,2.89,NA,1.378,2.656,NA,1.185,5.179,3.431,NA,NA,NA,NA,3.997,NA,NA,2.847,3.838,3.373,6.267,NA,5.951,NA,4.483,NA,3.115,3.682,NA,1.83,NA,2.327,NA,1.817,4.43,1.576,NA,NA,NA,NA,1.373,1.19,2.123,2.009,1.083,1.752,2.236,1.377,3.834,1.598,1.268,0.801,1.999
"1941",1.665,2.456,1.714,0.827,3.473,1.458,2.202,NA,1.596,2.164,2.148,2.635,1.88,0.554,2.102,2.617,1.563,1.005,0.89,2.703,2.144,0.748,1.223,1.28,1.84,1.071,1.891,NA,3.042,NA,1.11,2.7,NA,NA,NA,1.858,NA,1.357,1.729,NA,1.214,3.201,2.195,NA,NA,NA,NA,3.328,NA,NA,2.117,3.887,2.462,5.272,NA,3.608,NA,3.983,NA,2.601,2.368,NA,1.767,NA,2.273,NA,0.592,3.276,1.463,NA,NA,NA,NA,1.22,1.141,1.487,1.783,0.955,1.381,2.128,1.049,3.442,0.551,1.256,0.654,1.461
"1942",1.886,2.865,1.637,0.93,4.108,2.403,3.01,NA,1.884,2.737,3.017,3.819,2.482,0.889,2.524,3.94,1.713,1.217,0.909,3.052,3.031,0.961,1.541,1.659,3.1,1.464,1.835,NA,2.884,NA,1.369,3.349,NA,NA,NA,3.019,NA,1.221,2.33,NA,1.086,4.148,1.656,NA,NA,NA,NA,3.527,NA,NA,3.675,4.577,2.766,6.153,NA,3.027,NA,4.755,NA,2.632,3.735,NA,1.841,NA,3.594,NA,0.563,4.187,1.841,4.951,NA,NA,NA,1.312,1.554,1.781,2.226,1.143,1.596,2.624,1.163,4.64,0.993,2.377,0.67,1.495
"1943",1.16,2.651,1.498,1.073,3.133,1.717,2.851,NA,2.529,1.74,2.543,3.346,2.403,0.75,2.85,2.791,2.002,0.978,1.015,2,2.139,0.964,1.277,1.748,3.085,1.322,2.356,NA,2.377,NA,1.065,3.4,NA,NA,NA,3.063,NA,1.336,2.523,NA,2.019,3.894,2.077,NA,NA,NA,NA,3.445,NA,NA,2.94,4.674,2.696,4.707,NA,3.775,NA,4.122,NA,3.11,3.126,NA,2.042,NA,3.062,NA,0.616,2.554,2.087,4.725,NA,NA,NA,1.533,1.842,2.15,1.714,1.208,1.21,2.026,1.214,3.654,2.41,1.844,0.554,1.684
"1944",0.885,3.532,2.02,1.146,2.648,2.084,2.756,NA,2.328,2.328,3.52,2.624,2.869,0.634,2.975,2.478,1.704,0.956,0.949,2.668,2.238,0.796,1.39,1.272,2.439,1.441,2.872,NA,2.04,NA,0.743,3.065,NA,NA,NA,2.383,NA,1.266,2.274,NA,2.33,4.557,2.401,NA,NA,NA,NA,3.375,NA,NA,3.239,4.037,2.624,4.372,NA,4.123,NA,4.095,NA,2.924,3.493,NA,1.682,NA,2.961,NA,0.785,2.322,1.898,5.507,NA,NA,NA,1.407,1.89,1.888,1.931,0.588,0.963,1.025,1.327,4.403,1.751,2.324,0.667,1.74
"1945",1.749,2.745,2.126,1.094,3.375,2.808,1.998,NA,2.996,1.443,2.927,2.383,2.939,0.611,3.091,2.792,1.657,1.414,1.164,3.128,2.561,0.791,1.465,1.165,2.7,1.315,2.625,NA,3.074,NA,0.894,2.709,NA,NA,NA,2.9,NA,1.146,2.354,NA,2.384,4.668,2.128,NA,NA,NA,6.542,2.986,NA,NA,3.16,3.593,1.844,4.789,NA,3.198,NA,4.192,NA,2.05,2.903,NA,1.844,NA,3.698,NA,1.125,2.606,1.405,5.837,NA,NA,NA,1.182,1.424,1.587,1.804,0.452,1.101,1.06,1.42,5.044,2.353,1.964,0.659,1.725
"1946",2.309,3.295,2.198,1.199,3.008,2.124,2.698,NA,2.591,0.981,3.167,2.829,3.253,1.084,3.507,2.552,1.659,1.456,1.26,2.725,2.803,1.144,1.791,2.099,2.68,1.181,2.683,NA,4.097,NA,1.561,2.161,NA,NA,NA,2.625,NA,1.033,2.003,NA,2.08,3.889,2.07,NA,NA,NA,5.478,2.83,NA,NA,3.484,4.259,2.477,5.296,NA,3.003,NA,4.01,NA,1.843,2.891,NA,1.657,NA,2.927,NA,1.644,2.993,1.479,6.221,NA,NA,2.325,1.149,1.684,1.554,2.062,0.763,1.416,2.085,1.583,4.412,1.578,2.4,0.491,1.741
"1947",2.697,3.078,2.083,1.241,3.726,2.579,2.309,NA,2.721,1.667,3.422,3.352,3.673,0.923,4.519,2.425,1.495,1.759,1.245,2.915,1.848,1.038,1.654,1.336,3.292,1.716,2.951,NA,6.026,NA,1.956,3.058,NA,NA,NA,2.576,NA,1.197,2.783,NA,2.533,6.808,1.829,NA,NA,NA,7.222,3.249,NA,NA,4.51,5.641,3.086,5.721,NA,3.331,NA,5.122,NA,1.242,2.909,NA,2.442,NA,3.338,NA,2.49,4.846,2.369,8.357,NA,NA,2.665,1.522,2.176,1.973,2.183,0.649,1.125,1.828,2.101,4.469,0.716,2.274,0.52,1.478
"1948",1.815,2.002,1.95,0.979,2.322,2.202,2.082,NA,2.076,1.806,3.589,2.558,2.671,0.709,3.46,1.635,1.467,1.261,0.911,1.626,1.802,1.006,1.376,1.919,2.804,0.937,2.398,NA,4.835,NA,1.414,2.517,NA,NA,NA,2.865,NA,1.092,2.362,NA,1.994,5.664,1.979,NA,NA,NA,4.179,2.78,NA,NA,5.104,3.864,2.274,4.602,NA,2.536,NA,3.07,NA,1.384,2.698,NA,2.155,NA,2.636,NA,1.94,3.682,1.908,7.275,NA,NA,2.225,1.387,1.805,1.782,1.867,0.424,0.665,1.867,1.171,4.081,1.537,1.81,0.296,1.635
"1949",1.712,2.49,1.573,1.209,2.513,1.82,2.545,NA,1.856,1.249,2.248,3.004,2.154,0.697,1.551,1.286,1.233,0.999,0.646,1.102,1.65,0.892,1.256,1.374,3.709,1.07,1.966,NA,5.066,NA,1.402,2.478,NA,NA,NA,1.748,NA,1.018,1.695,NA,1.655,3.605,1.782,5.103,NA,NA,3.413,1.925,NA,NA,4.609,3.118,1.866,3.578,NA,2.754,NA,4.856,NA,1.297,2.421,NA,1.711,NA,2.465,NA,1.909,3.129,1.663,6.762,NA,8.889,1.892,1.154,1.508,1.663,1.263,0.447,0.592,1.147,0.927,3.022,1.611,2.549,0.303,2.096
"1950",2.419,2.762,2.236,1.741,2.88,1.976,2.418,NA,2.773,2.067,3.903,3.705,2.68,1.241,2.485,2.828,1.265,1.07,0.791,1.47,1.93,1.346,1.625,1.633,3.36,1.633,2.321,NA,5.587,NA,1.386,3.012,NA,NA,NA,2.146,NA,1.075,2.341,NA,2.507,5.001,2.15,4.34,NA,NA,5.298,2.298,NA,NA,6.268,3.784,2.529,4.836,NA,4.431,NA,4.744,NA,1.567,3.16,NA,1.649,NA,3.119,NA,1.545,3.246,1.759,7.86,NA,8.967,3.43,1.424,1.424,2.008,1.957,0.496,0.735,1.772,1.653,4.072,0.873,2.878,0.521,2.267
"1951",2.119,2.222,2.013,1.356,3.081,2.187,6.005,NA,2.603,2.597,3.359,4.117,3.018,1.07,2.077,2.123,1.303,0.797,0.968,1.397,2.245,0.891,1.819,2.093,3.325,1.584,2.578,NA,5.582,NA,1.182,3.215,NA,NA,NA,1.966,NA,1.22,2.552,NA,2.797,4.935,2.954,6.255,NA,NA,4.813,2.098,NA,NA,5.592,3.463,2.576,5.01,NA,4.132,NA,3.788,NA,1.24,3.391,0.149,1.518,NA,3.246,NA,1.705,3.372,1.709,7.224,NA,7.159,2.858,1.656,1.347,1.969,1.897,0.401,0.603,1.955,1.533,4.043,2.915,3.47,0.299,2.201
"1952",1.355,2.989,2.079,0.9,2.327,1.406,4.625,NA,2.137,1.776,2.829,3.062,1.64,0.89,2.169,1.506,1.099,0.985,0.888,1.608,1.921,1.428,1.344,1.398,2.489,0.891,2.525,NA,2.676,NA,1.061,2.925,NA,NA,NA,1.555,NA,1.265,2.039,NA,2.056,2.943,2.047,3.742,NA,NA,3.508,1.911,NA,NA,3.944,2.268,2.257,4.352,NA,3.418,NA,3.86,NA,0.926,2.811,0.158,1.526,NA,1.537,NA,1.778,2.428,1.559,5.575,NA,9.758,2.222,1.202,1.589,1.322,1.39,0.494,0.772,1.816,1.151,3.244,2.814,3.716,0.37,1.715
"1953",1.722,2.717,2.306,0.868,2.77,2.204,4.581,NA,1.674,2.056,2.805,3.825,2.071,0.959,2.247,2.758,1.324,0.865,0.884,1.951,2.957,1.455,2.014,1.958,3.277,1.439,2.808,NA,3.158,7.784,1.31,2.75,NA,NA,NA,2.238,NA,1.027,2.35,NA,2.363,3.01,1.959,5.633,NA,NA,3.293,1.735,NA,NA,4.68,2.394,2.174,3.57,NA,3.324,NA,3.912,NA,1.014,3.588,0.225,1.637,NA,2.466,NA,2.057,2.887,1.665,5.55,NA,8.72,3.218,1.308,1.403,1.335,1.525,0.573,0.943,1.396,1.139,3.412,1.94,4.113,0.365,1.977
"1954",1.744,2.755,1.969,0.945,2.294,1.564,4.506,NA,1.899,1.726,2.575,2.555,1.596,0.962,2.152,1.812,1.634,1.056,1.109,2.322,3.137,1.27,1.259,1.554,2.077,1.181,2.581,NA,4.76,6.112,1.253,2.65,NA,NA,NA,1.854,NA,1.143,2.212,NA,2.202,3.252,1.759,4.265,NA,NA,3.259,1.959,NA,NA,3.512,2.36,3.08,5.043,NA,2.834,NA,3.906,NA,1.385,2.794,0.232,1.648,NA,1.459,NA,1.686,2.106,1.479,4.51,NA,8.271,3.209,1.177,1.529,1.186,1.557,0.411,1.357,1.987,1.36,3.584,1.764,4.002,0.309,1.887
"1955",1.572,2.614,1.452,0.609,2.384,1.354,4.698,NA,1.785,1.364,2.489,2.171,1.375,0.815,1.556,1.248,1.868,1.08,0.85,1.538,2.533,1.308,1.129,1.584,2.195,0.965,2.184,NA,5.713,6.652,1.367,1.924,NA,NA,NA,1.471,NA,1.043,2.073,NA,2.075,2.829,1.35,3.854,NA,NA,2.982,1.823,NA,NA,2.842,1.947,2.702,5.897,NA,2.189,NA,2.98,NA,1.506,2.4,0.412,1.578,NA,1.287,NA,1.879,2.677,1.506,4.635,NA,8.46,2.875,1.092,1.453,1.186,1.457,0.469,1.362,1.233,0.859,3.363,1.412,3.702,0.284,2.003
"1956",1.459,2.646,1.71,0.999,2.747,1.608,4.834,NA,2.224,2.029,2.931,3.268,2.985,0.924,2.01,2.713,2.529,1.301,1.013,2.958,3.401,1.409,1.511,1.809,3.119,1.757,3.057,NA,4.678,6.911,1.775,1.979,NA,NA,NA,1.858,NA,0.933,2.986,NA,2.156,3.287,2.002,6.546,NA,NA,2.983,1.648,NA,NA,4.766,2.394,3.182,5.987,NA,2.595,NA,2.797,NA,2.458,2.849,0.998,1.826,NA,1.838,NA,2.695,2.667,1.55,4.918,NA,6.896,4.208,1.179,1.776,1.265,1.992,0.495,1.644,1.643,1.083,4.31,1.118,4.168,0.243,2.525
"1957",2.357,2.996,1.718,0.796,1.808,1.837,4.214,NA,3.496,1.896,3.655,2.491,1.796,0.891,1.828,1.984,2.545,1.323,1.346,1.956,3.624,1.498,1.825,1.495,3.014,1.591,2.833,NA,4.942,5.479,1.778,2.469,NA,NA,NA,1.903,NA,1.174,3.589,NA,1.907,2.836,1.714,3.968,NA,NA,2.324,1.95,NA,NA,2.924,2.816,3.138,6.072,NA,2.57,NA,3.551,NA,2.486,2.945,1.286,1.993,NA,2.254,NA,2.783,2.681,1.359,5.124,NA,6.058,3.208,1.553,2.049,1.523,2.141,0.487,1.512,1.895,1.27,4.966,2.439,2.48,0.423,2.231
"1958",2.881,3.475,1.829,0.982,2.251,1.844,5.471,NA,4.169,2.648,4.75,3.84,1.619,1.247,2.886,2.061,2.766,1.023,1.901,2.312,2.998,1.344,1.623,1.571,3.625,1.809,2.634,NA,5.416,4.63,2.08,2.688,NA,NA,NA,1.982,NA,1.094,3.133,1.304,2.373,3.845,2.286,6.157,NA,NA,2.852,2.371,NA,NA,4.473,3.094,2.891,6.309,NA,2.523,NA,3.584,NA,3.487,2.901,1.191,1.276,NA,2.368,NA,3.089,3.069,1.494,5.306,NA,6.046,3.959,1.581,2.529,1.55,1.706,1.113,0.911,2.052,1.748,4.847,2.805,3.771,0.443,1.96
"1959",1.821,2.725,1.436,0.952,2.047,1.654,4.923,NA,2.095,1.582,1.138,3.257,1.25,0.887,2.092,1.365,2.936,2.553,1.194,1.546,2.274,1.37,1.01,1.048,1.947,1.077,2.631,NA,5.764,4.256,1.418,2.036,NA,NA,NA,1.506,NA,0.993,2.407,0.851,2.065,3.194,1.69,3.469,NA,NA,1.817,1.901,NA,NA,3.42,2.211,1.432,4.848,NA,2.066,NA,2.974,NA,2.661,2.316,0.928,1.119,NA,1.366,NA,1.713,3.085,1.478,5.23,NA,6.805,3.897,1.53,2.316,1.301,1.624,1.517,1.999,1.224,0.993,3.103,2.582,2.771,0.467,1.812
"1960",2.356,2.915,1.394,0.828,2.758,1.704,5.078,NA,2.079,1.611,0.744,2.391,1.594,0.735,2.393,1.986,2.711,2.707,1.504,1.879,2.085,1.336,1.253,1.043,2.354,1.344,2.859,NA,4.278,4.045,1.746,2.548,NA,NA,NA,1.829,NA,0.805,3.186,0.589,1.828,2.942,1.787,4.693,NA,NA,1.515,1.761,NA,NA,3.524,1.714,1.109,5.167,NA,2.062,NA,2.335,NA,3.113,2.092,0.359,0.938,NA,1.783,NA,2.44,2.63,1.564,6.035,NA,5.168,4.555,1.216,2.369,1.292,1.643,2.295,3.475,1.705,1.22,3.137,1.29,3.022,0.626,1.824
"1961",2.424,2.765,1.978,1.161,2.348,2.332,6.873,NA,2.623,2.293,0.599,3.159,1.663,1.131,5.078,2.385,2.877,4.782,1.954,3.248,2.71,1.429,1.259,1.551,3.038,2.12,4.126,NA,5.297,3.939,1.741,2.8,NA,NA,NA,2.211,NA,1.066,4.654,2.569,2.1,3.912,2.807,5.673,NA,NA,2.229,1.803,NA,NA,4.103,2.486,1.132,4.76,NA,2.859,NA,3.046,NA,3.561,2.616,0.929,1.308,NA,2.104,NA,3.201,2.148,1.954,6.842,NA,5.87,5.455,1.5,2.457,1.793,1.909,2.921,4.224,1.663,1.183,4.811,2.346,3.835,0.526,2.959
"1962",2.125,2.621,1.367,0.931,2.674,1.523,4.705,NA,2.009,1.311,0.529,1.97,1.353,0.962,2.99,1.323,2.608,2.52,1.104,2.217,2.064,1.421,1.073,0.956,2.883,1.716,2.118,NA,5.069,4.149,1.806,1.294,NA,NA,NA,1.54,NA,0.946,3.547,1.343,2.219,3.322,1.889,4.307,NA,NA,1.641,1.788,NA,NA,3.437,1.9,0.928,4.394,NA,2.081,NA,2.268,NA,3.728,2.073,0.871,1.082,NA,1.886,NA,2.584,2.63,1.329,5.669,NA,4.8,3.988,1.212,2.129,1.658,1.611,2.579,3.742,1.516,1.161,3.855,4.746,2.791,0.782,2.02
"1963",1.489,1.648,1.471,1.227,2.243,1.334,5.039,NA,1.601,1.109,0.622,2.14,1.503,1.023,3.592,1.473,3.534,1.915,0.912,2.441,1.529,1.581,1.132,1.469,1.976,1.058,2.119,NA,3.759,2.863,1.278,1.664,NA,NA,NA,1.565,NA,0.792,3.141,1.408,2.352,3.928,1.931,4.706,NA,NA,1.767,1.958,NA,NA,4.181,1.765,0.769,4.64,NA,2.375,NA,2.404,NA,2.433,1.596,0.906,1.045,NA,1.247,NA,2.659,2.542,1.487,5.909,NA,4.962,4.385,0.691,1.795,1.674,1.481,2.568,4.521,1.654,1.188,4.039,1.636,3.464,1.09,1.412
"1964",2.179,2.077,1.75,1.084,1.998,1.699,5.298,NA,2.034,1.496,0.659,2.061,1.358,0.94,3.292,1.741,2.972,2.672,1.268,1.764,1.541,1.462,1.316,0.923,2.547,1.691,2.73,NA,3.88,3.585,1.097,2.133,NA,NA,NA,1.687,NA,1.092,3.985,1.046,2.23,4.032,2.61,3.999,NA,NA,2.016,2.042,NA,NA,3.73,2.356,1.37,3.749,NA,2.755,NA,3.003,NA,2.326,1.509,0.975,1.139,NA,1.113,3.653,2.001,2.322,1.444,5.648,NA,4.515,3.828,0.597,1.699,1.732,1.74,2.662,4.623,1.672,1.49,2.718,1.205,3.466,3.514,1.522
"1965",1.952,1.768,1.545,1.248,1.834,1.291,4.426,NA,1.662,0.763,0.618,2.03,0.986,1.093,2.118,1.26,2.77,1.463,1.027,1.374,0.859,1.119,0.809,1.262,1.462,1.014,1.59,2.889,3.499,3.395,1.29,1.443,6.425,NA,NA,1.374,NA,0.794,3.444,1.057,1.913,2.994,1.882,2.532,NA,NA,1.417,1.924,NA,NA,2.931,1.595,1.23,3.226,NA,2.285,NA,2.094,NA,1.796,1.637,0.913,1.214,NA,1.145,3.757,3.111,2.084,1.204,4.558,NA,4.525,3.484,0.655,1.507,1.599,1.652,2.119,4.298,1.748,1.074,3.489,1.458,2.925,2.25,1.506
"1966",1.689,1.643,1.73,1.086,1.621,1.289,2.924,3.013,1.999,1.085,0.688,2.061,0.996,1.209,1.557,1.434,2.961,1.585,1.024,1.448,1.333,1.087,0.891,0.919,1.715,1.08,2.017,3.906,3.767,4.092,1.178,1.243,5.95,NA,NA,1.315,NA,0.776,3.184,1.565,2.113,2.717,2.098,2.185,NA,NA,1.434,1.576,NA,NA,3.058,1.385,1.043,2.923,NA,1.959,NA,2.309,NA,1.978,1.647,0.782,1.283,NA,1.087,10.335,3.401,1.9,1.182,5.826,NA,4.441,4.414,0.678,1.375,1.668,1.645,2.863,5.058,1.535,1.194,2.915,0.837,2.698,1.464,1.814
"1967",1.746,1.404,1.35,1.321,2.015,1.349,3.116,4.063,2.001,1.61,0.583,1.931,1.6,1.372,1.738,2.114,3.307,1.549,1.681,1.541,1.566,1.154,1.332,0.685,1.587,1.072,2.01,5.082,3.585,5.151,1.227,1.637,6.743,NA,NA,1.351,NA,0.758,2.891,2.049,2.275,3.876,2.526,4.173,NA,NA,1.956,1.697,NA,2.81,4.157,1.189,1.004,3.133,NA,2.943,NA,2.078,NA,2.079,2.167,0.89,1.18,NA,1.104,6.405,2.931,1.958,1.259,5.582,NA,4.965,4.523,1.03,1.533,1.723,2.057,2.356,4.016,1.836,0.941,3.84,1.449,3.194,1.001,1.817
"1968",2.029,2.07,1.4,1.638,2.227,1.896,3.69,3.867,2.123,2.069,0.868,2.053,1.418,1.295,2.027,1.357,3.843,1.994,1.505,1.369,1.064,1.4,1.049,0.789,2.395,1.926,2.118,5.473,4.245,6.473,1.885,2.202,9.947,NA,NA,1.646,NA,0.873,3.482,2.191,2.256,4.207,3.149,4.461,NA,NA,1.999,1.789,NA,2.615,3.801,1.756,1.732,3.974,NA,3.612,NA,2.24,NA,2.405,1.79,1.032,1.333,NA,1.598,8.99,3.91,2.069,1.632,5.765,NA,6.458,5.668,1.385,1.933,2.369,2.103,2.985,4.223,1.801,1.118,3.265,1.225,3.178,1.114,2.574
"1969",2.502,2.548,1.323,2.011,2.105,1.874,5.54,3.65,3.137,2.057,0.931,2.796,1.517,1.929,1.983,1.666,3.668,2.332,1.532,1.811,1.694,1.627,1.364,1.037,2.614,2.34,2.59,3.409,5.219,7.478,2.39,2.332,9.521,NA,NA,1.79,NA,0.85,4.589,2.518,2.055,4.157,3.213,5.053,NA,NA,1.781,2.063,NA,2.273,4.01,1.834,2.898,5.635,NA,3.499,NA,2.22,NA,2.934,1.72,0.602,1.88,NA,2.284,9.693,4.724,2.365,1.776,7.082,NA,6.459,7.053,1.126,2.197,3.586,2.434,2.679,5.428,2.134,1.465,2.901,1.813,3.914,1.25,3.359
"1970",2.226,2.335,1.484,1.426,1.749,1.24,4.052,3.562,2.861,1.211,1.069,1.876,1.332,1.242,2.01,1.68,3.488,2.648,1.457,1.252,1.947,1.6,0.959,0.971,1.765,1.861,2.469,2.995,4.812,8.487,2.073,2.316,8.412,NA,NA,1.564,NA,1.272,3.5,1.612,1.765,2.493,2.25,4.401,NA,NA,2.02,1.383,NA,2.861,2.976,1.429,2.299,4.583,NA,2.156,NA,1.462,NA,2.767,0.942,0.731,1.741,NA,2.075,7.937,4.249,2.077,1.546,6.932,NA,6.187,5.215,1.381,2.298,4.435,2.081,2.01,5.958,2.789,1.033,3.504,2.905,3.354,1.279,2.773
"1971",2.556,1.884,1.909,1.726,1.984,1.448,4.557,3.754,3.02,1.255,1.037,2.527,1.554,1.564,2.541,1.597,3.889,3.522,1.518,1.412,1.866,1.908,1.162,0.983,1.968,2.044,2.655,5.599,4.731,7.841,2.088,2.087,7.968,NA,3.049,1.469,NA,1.145,3.372,2.034,2.106,2.689,2.655,3.779,NA,NA,2.353,1.35,NA,2.802,4.275,1.875,2.3,3.826,NA,2.442,NA,2.123,NA,2.76,1.159,1.068,1.587,NA,1.89,6.666,3.867,2.5,1.6,6.342,NA,5.261,4.818,1.201,1.957,4.583,2.152,2.13,5.327,2.543,1.109,3.776,1.65,3.898,1.424,2.411
"1972",3.032,2.306,2.221,1.841,2.285,1.589,4.637,4.191,2.658,2.309,1.58,1.819,1.699,1.569,2.195,1.692,3.298,2.427,1.804,1.284,2.566,1.793,1.191,1.548,2.398,2.203,2.679,6.2,4.809,8.256,2.012,2.144,8.604,NA,2.547,1.937,NA,0.818,3.442,1.856,1.637,3.685,3.886,5.116,NA,NA,2.37,1.532,NA,3.408,3.956,1.557,2.75,3.675,2.222,2.607,NA,2.593,NA,2.276,1.076,1.246,1.566,NA,1.841,7.149,3.51,2.981,1.511,6.156,NA,4.57,4.081,1.182,1.793,3.876,2.731,2.554,4.707,2.633,1.622,3.475,1.287,3.6,1.256,3.564
"1973",1.77,1.971,1.916,1.62,1.729,1.256,3.946,3.619,2.385,1.26,1.304,1.239,1.472,1.651,1.88,1.309,3.026,2.652,1.504,1.014,1.508,1.969,1.118,0.747,1.672,1.318,2.21,3.421,3.094,6.624,2.016,1.673,6.41,NA,2.281,1.546,NA,0.926,3.109,1,1.858,3.242,3.343,4.255,5.478,NA,1.645,1.462,NA,4.46,2.805,1.34,2.29,3.386,1.722,2.572,NA,1.874,NA,2.336,0.999,0.81,1.388,NA,1.438,6.109,3.142,2.275,1.429,4.794,NA,4.499,3.854,1.174,1.904,3.423,2.249,2.262,4.786,2.225,1.009,3.26,2.123,2.904,0.907,2.31
"1974",3.058,1.961,1.926,1.677,2.216,1.859,4.307,4.062,2.603,1.816,1.016,1.683,1.376,1.281,2.133,1.855,3.296,3.077,1.551,1.147,1.266,1.74,1.155,1.096,2.416,1.687,2.412,4.583,4.677,7.577,2.282,1.529,7.566,NA,2.247,1.321,NA,0.852,3.343,1.447,1.894,3.445,3.068,3.944,4.817,NA,1.647,1.401,NA,6.004,2.983,1.443,2.682,2.548,3.073,2.186,NA,1.422,NA,2.158,1.043,0.982,1.409,NA,1.589,3.361,2.698,3.185,1.562,4.624,NA,4.236,4.142,1.021,1.995,3.144,2.427,2.35,4.9,3.326,1.209,3.104,1.778,3.492,0.917,2.101
"1975",2.441,1.775,2.86,1.449,1.91,1.652,4.522,3.262,3.482,2.192,1.489,1.712,1.502,1.5,2.352,1.598,2.776,2.967,1.503,1.424,1.527,2.016,1.716,1.066,2.407,1.785,2.713,4.423,4.254,6.549,2.129,1.867,6.481,NA,3.484,1.667,NA,0.872,3.494,1.494,2.181,3.908,3.187,4.228,3.976,NA,1.677,1.59,NA,6.057,4.618,1.539,2.787,2.759,3.061,2.997,NA,1.906,NA,2.338,1.187,2.075,1.926,NA,1.873,5.403,2.88,3.421,1.04,5.296,NA,4.335,3.818,0.987,2.322,3.15,2.235,1.981,4.306,3.612,1.481,3.771,2.101,4.059,1.319,2.912
"1976",3.116,1.768,1.681,1.4,1.884,1.928,3.871,3.444,3.527,1.88,2.847,1.4,1.354,1.435,2.269,1.469,2.421,3.063,1.952,1.281,1.93,1.653,1.251,1.377,2.246,1.681,2.489,3.625,4.513,6.805,1.686,1.565,6.703,NA,3.78,1.766,NA,0.572,2.86,1.483,1.885,4.233,3.013,3.94,3.536,NA,1.767,1.321,NA,6.675,3.447,1.345,2.55,3.233,3.404,2.576,NA,1.574,NA,2.121,0.875,4.01,1.861,NA,1.529,5.553,3.182,2.636,1.117,4.132,NA,3.854,3.487,1.011,1.997,2.32,2.842,1.917,4.355,2.856,1.781,2.434,3.656,3.701,0.813,3.235
"1977",1.986,1.884,1.831,1.197,1.571,1.496,3.104,3.788,2.231,1.616,1.21,3.18,1.657,2.129,2.651,1.243,2.222,2.648,1.582,1.395,1.201,2.032,0.865,1.135,1.778,1.251,2.698,2.814,4.605,6.657,2.018,1.843,5.211,NA,2.764,1.509,NA,0.645,2.505,1.67,2.309,3.921,3.61,4.019,4.589,NA,2.34,1.491,NA,4.151,3.747,1.652,3.497,3.276,2.34,2.755,NA,1.567,NA,2.018,0.779,6.299,1.837,NA,0.916,4.466,4.017,2.543,1.108,4.262,NA,4.311,4.182,1.491,2.488,2.159,1.985,1.91,4.605,3.406,1.406,3.815,2.025,3.418,0.92,3.233
"1978",2.252,1.674,1.914,1.226,1.339,1.158,2.866,2.846,1.783,1.396,1.371,2.28,1.4,1.978,2.453,1.389,1.985,3.233,1.3,1.201,0.973,1.618,1.14,1.514,1.676,1.357,2.264,2.943,5.346,6.267,1.895,1.767,4.379,6.025,3.395,1.669,NA,0.746,2.54,1.315,2.296,2.826,4.143,4.892,2.868,NA,2.32,1.757,NA,3.407,3.696,1.837,3.662,2.657,1.921,2.857,NA,1.642,3.098,2.095,0.962,5.474,2.284,NA,1.262,2.827,4.105,2.718,1.272,3.519,10.282,4.813,3.73,1.307,2.384,1.756,2.332,1.891,4.162,2.705,1.584,2.449,1.721,3.54,1.054,2.556
"1979",2.573,1.587,1.645,1.577,1.712,1.536,2.194,3.429,2.652,2.182,2.297,1.688,1.148,1.775,2.647,1.412,2.258,2.832,1.348,1.173,0.852,1.575,1.726,1.075,1.865,1.715,2.283,4.038,5.094,7.457,2.189,2.286,5.643,7.086,5.233,1.788,NA,0.89,4.102,1.242,1.704,4.212,4.524,3.2,3.026,NA,1.654,1.821,NA,5.353,2.941,1.665,3.551,2.959,2.886,3.622,NA,1.5,2.642,2.34,1.484,5.302,2.142,NA,1.589,2.681,4.281,2.839,1.406,3.474,12.806,4.904,3.603,1.08,2.275,1.377,2.378,1.96,4.73,3.719,1.292,2.447,1.396,3.77,1.207,2.465
"1980",3.278,1.58,1.988,2.314,1.966,1.625,3.212,4.049,3.702,2.337,1.828,3.805,1.217,2.519,2.252,1.315,3.157,3.196,2.034,1.39,1.165,1.725,1.829,2.052,2.208,2.182,3.162,2.83,6.267,8.659,2.092,2.845,7.092,8.483,4.308,1.957,NA,0.721,4.341,1.701,1.821,4.568,3.607,4.399,3.612,NA,2.333,1.963,NA,7.113,3.108,1.945,4.082,3.305,4.096,4.431,NA,2.153,2.762,3.429,2.085,6.395,2.741,NA,1.957,3.896,4.693,3.704,1.701,4.099,10.046,4.641,4.207,0.896,2.74,1.377,2.425,2.491,4.842,4.118,1.803,3.83,2.147,4.281,1.656,2.643
"1981",2.285,1.476,1.656,1.124,1.26,1.186,2.239,3.85,2.314,1.913,1.884,3.416,1.593,1.108,2.208,1.311,2.804,2.316,1.812,1.367,1.305,1.25,0.892,0.927,1.807,1.609,2.532,2.342,4.811,7.032,1.611,1.81,5.535,8.749,5.105,2.042,NA,0.803,3.588,1.552,1.64,3.085,3.566,3.533,4.113,NA,1.805,1.586,NA,7.2,3.064,1.882,2.874,2.596,3.693,4.057,NA,1.42,3.782,3.307,1.637,5.879,2.251,NA,1.51,2.11,4.553,3.703,1.671,3.174,7.1,3.703,3.363,0.968,2.35,1.115,2.32,2.387,4.41,3.588,1.119,2.145,2.696,4.226,1.114,2.064
"1982",2.532,1.993,1.604,1.319,1.339,2.26,3.261,3.633,2.233,2.131,2.356,3.841,0.919,1.323,1.966,1.716,2.65,2.635,1.717,1.567,1.584,1.268,1.348,1.154,2.027,2.125,2.428,3.302,5.412,7.37,2.119,1.958,4.907,7.101,5.654,1.979,NA,0.831,4.13,1.435,2.117,3.65,3.243,3.363,4.296,NA,1.985,1.616,NA,5.868,3.197,1.827,3.176,2.576,4.132,4.295,NA,1.774,4.085,3.296,2.041,5.476,2.831,NA,1.701,2.703,4.685,3.797,1.98,3.932,6.479,4.402,3.685,1.013,2.766,0.74,2.334,2.705,3.82,4.187,1.573,2.864,2.057,3.384,1.14,2.136
"1983",2.141,1.838,1.618,1.245,1.241,1.761,2.47,2.974,2.036,1.518,1.759,4.123,0.943,1.743,1.917,1.028,3.078,2.778,1.47,1.43,1.997,1.115,1.074,1.086,1.523,1.173,2.702,3.152,6.735,6.627,2.435,2.326,4.059,10.534,4.305,1.67,NA,0.878,3.666,1.226,1.392,2.997,2.191,1.752,2.948,NA,1.625,1.708,NA,5.244,2.184,1.227,2.842,2.053,4.605,3.496,NA,1.656,4.744,5.166,1.405,2.291,2.782,NA,1.542,2.93,5.931,2.828,1.958,3.786,9.498,3.895,3.543,0.813,2.521,0.907,1.618,2.204,4.345,3.864,1.397,2.446,2.311,3.912,1.179,2.444
"1984",1.905,2.226,2,1.216,1.597,1.931,2.468,3.828,2.672,1.553,1.512,3.842,1.234,1.337,2.013,0.76,2.985,2.669,1.641,1.283,1.567,1.528,1.118,1.259,1.916,1.414,2.947,2.518,5.794,6.091,1.935,2.243,3.089,6.679,4.894,1.846,NA,0.467,3.389,1.122,1.101,3.47,1.899,2.934,3.476,NA,1.565,1.566,NA,4.593,2.538,1.177,2.614,2.432,3.787,2.888,NA,1.704,4.909,4.602,1.65,3.312,2.118,NA,1.602,2.579,5.041,2.912,1.807,3.458,8.406,3.617,2.977,0.979,2.42,1.071,2.02,3.053,3.533,3.371,1.259,2.187,1.689,3.932,1.324,2.324
"1985",1.938,1.817,1.479,1.276,1.478,2.262,2.755,3.806,2.377,1.909,1.8,3.147,0.743,1.245,1.816,1.292,3.194,2.259,1.59,1.02,2.074,1.414,1.03,0.995,1.798,1.867,2.922,3.636,4.781,4.718,1.873,2.015,4.089,5.792,5.141,1.602,NA,0.649,2.6,1.326,1.775,3.634,2.214,1.628,1.896,NA,1.811,1.539,NA,3.97,2.436,1.263,2.391,2.123,3.783,2.176,NA,1.693,4.751,4.757,1.121,2.837,2.211,NA,1.565,3.028,4.588,2.919,1.924,3.518,7.906,3.532,3.572,1.575,2.624,1.035,1.486,2.235,3.48,3.774,1.69,2.923,1.449,2.633,1.263,1.885
"1986",2.701,2.308,1.567,1.456,1.594,1.778,2.796,5.102,2.582,1.219,1.057,3.78,0.567,0.87,1.017,1.483,3.261,2.727,2.192,0.658,1.579,1.353,0.675,1.43,2.17,1.304,3.093,3.785,5.996,5.539,2.149,2.83,5.181,7.573,5.854,1.935,NA,0.571,1.418,0.776,1.909,2.392,1.968,0.829,0.905,NA,2.014,1.297,NA,7.415,3.156,0.782,1.641,1.566,5.546,1.135,NA,1.562,6.801,5.016,1.845,1.137,1.99,9.489,1.425,4.143,5.287,3.452,1.964,3.488,8.855,3.63,3.782,1.266,2.541,1.345,1.983,2.631,3.141,3.566,1.513,2.951,1.266,2.497,1.018,2.657
"1987",2.496,1.958,1.384,0.892,0.946,0.875,1.624,4.595,2.031,0.896,0.969,2.172,0.591,0.637,1.516,1.295,3.539,2.884,0.97,0.91,1.959,1.491,0.96,1.203,1.716,0.914,2.626,1.958,7.02,5.877,2.183,2.416,4.177,5.979,6.464,1.788,NA,0.55,2.055,1.71,1.895,3.442,2.872,3.657,1.297,NA,1.938,1.493,5.652,7.729,2.827,0.696,1.326,2.175,5.52,2.589,NA,1.743,7.437,4.022,2.025,2.354,1.97,7.763,1.278,3.229,4.691,2.637,1.977,3.17,9.232,4.044,3.594,0.932,2.73,1.246,1.333,1.765,2.586,2.819,1.665,2.618,0.726,3.547,1.076,2.832
"1988",2.04,2.127,1.52,0.685,0.976,0.781,2.185,4.265,1.726,0.969,0.893,3.092,0.761,1.227,1.307,1.002,2.854,2.343,0.985,0.873,1.806,1.732,0.905,1.217,1.521,0.727,2.517,1.964,6.427,5.981,2.219,2.235,2.839,5.191,4.103,1.46,NA,0.734,2.19,1.837,1.656,2.984,2.609,2.068,1.282,4.554,1.67,1.523,4.836,5.555,1.556,0.983,2.897,2.155,4.822,3.001,NA,1.442,6.025,4.156,2.32,3.683,2.277,7.553,1.078,2.248,5.821,2.576,1.835,3.344,8.598,3.426,2.638,1.036,2.663,1.179,1.508,2.074,3.318,3.721,1.444,2.351,1.822,4.349,1.398,2.46
"1989",2.288,2.495,1.716,0.829,1.164,0.959,1.794,5.066,1.891,1.667,1.68,2.88,1.136,1.711,1.998,1.405,3.087,2.243,0.91,1.688,1.833,1.679,1.23,1.306,2.326,1.406,3.055,2.669,5.41,4.798,2.369,1.968,2.102,4.959,5.445,1.789,NA,0.849,2.369,2.234,1.661,3.511,3.253,3.813,2.773,4.045,1.843,1.612,5.599,5.485,2.074,1.055,2.575,1.885,5.525,4.737,NA,1.705,6.94,4.098,2.497,6.87,2.744,11.916,1.508,2.9,4.817,3.451,1.715,3.418,9.448,3.854,2.597,1.039,2.623,1.163,2.049,2.492,2.722,3.034,1.599,2.43,2.038,4.135,1.41,1.566
"1990",2.551,3.009,1.423,0.546,1.229,1.097,1.675,3.529,2.137,1.629,1.335,2.916,1.636,1.373,1.739,1.466,2.573,1.695,0.927,1.345,1.421,1.673,1.198,0.594,1.537,0.983,3.005,3.066,4.711,4.316,2.454,1.616,1.804,4.764,4.997,1.277,NA,0.717,2.712,2.083,1.44,3.92,3.506,5.097,3.265,3.138,2.197,2.119,5.007,2.47,1.809,1.014,2.234,1.446,4.644,4.991,8.177,1.48,6.49,4.243,1.961,6.676,2.295,13.387,1.175,2.083,3.558,2.403,1.437,3.235,8.615,3.465,2.567,0.998,2.367,1.013,2.036,2.49,3.103,2.904,1.444,2.328,3.795,2.754,1.208,1.687
"1991",0.949,2.171,1.126,0.736,1.083,1.129,1.52,3.629,2.023,1.139,0.877,2.731,0.998,0.837,1.351,0.855,2.563,1.516,0.721,1.045,0.944,1.053,0.843,0.503,1.059,0.557,2.201,3.849,3.885,3.617,1.494,1.165,1.501,3.217,4.039,1.163,NA,0.777,1.597,2.968,1.41,2.251,2.392,1.692,2.865,3.231,2.19,1.833,7.025,2.939,1.795,0.964,2.576,1.183,3.944,3.337,3.737,1.081,4.379,1.46,1.239,4.872,1.689,12.307,0.772,1.431,2.951,2.477,1.655,2.611,7.056,2.427,2.699,0.949,1.841,0.843,0.893,1.73,3.283,1.399,0.862,1.354,3.289,3.238,1.112,1.53
"1992",0.714,1.81,1.342,1.043,1.338,1.484,2.537,4.903,2.806,3.29,1.846,3.463,1.477,1.928,1.831,1.644,2.482,1.824,1.864,1.319,1.909,0.994,2.152,0.261,1.546,0.62,3.306,4.506,4.403,4.378,2.004,0.533,3.934,4.835,7.533,1.408,3.134,0.861,2.044,4.054,1.421,2.737,2.426,2.095,4.442,7.877,2.862,1.57,5.251,3.247,3.21,1.217,2.39,1.309,5.39,3.931,4.796,1.436,6.715,2.363,2.625,6.2,1.812,11.663,1.32,3.486,3.748,4.096,1.752,2.767,7.122,3.67,2.973,1.177,1.619,1.084,1.558,1.906,3.711,1.965,1.068,2.323,1.365,3.139,1.529,1.896
"1993",0.935,1.515,1.439,1.083,1.298,1.493,2.976,3.812,2.71,2.078,1.457,3.879,1.414,1.787,1.392,1.727,3.729,2.048,1.58,1.298,1.556,0.997,1.34,0.454,1.201,1.042,3.119,3.139,3.715,4.248,2.265,0.604,4.332,5.949,5.736,1.478,1.544,0.92,1.988,4.009,1.863,3.705,2.221,1.584,3.67,5.936,2.993,1.884,6.096,2.848,2.303,1.125,2.499,1.445,5.344,4.23,4.135,1.277,5.726,3.563,2.133,6.574,2.416,10.511,1.679,2.59,4.794,3.286,1.958,2.506,7.495,3.453,3.148,0.961,2.1,1.107,1.429,1.5,3.507,2.748,1.31,2.307,0.937,3.398,1.685,2.317
"1994",0.945,1.897,1.36,1.147,1.206,1.131,3.297,4.373,2.484,1.783,1.566,3.317,1.649,2.02,1.718,1.284,3.587,2.181,1.366,1.319,1.35,1.072,1.687,0.457,1.298,0.914,2.853,3.482,3.331,5.081,2.012,0.459,3.426,5.889,6.094,1.482,1.783,0.876,2.259,4.862,1.948,2.892,2.699,1.694,3.508,6.72,2.979,1.364,5.594,3.909,3.023,1.5,2.232,1.68,4.984,3.797,3.568,1.189,6.226,2.712,2.199,5.748,1.941,9.395,1.546,2.068,4.118,2.394,1.823,2.415,7.113,3.072,2.432,1.498,2.016,1.225,1.685,2.356,3.635,2.784,1.068,1.947,0.751,3.281,1.555,1.563
"1995",1.862,1.683,1.758,1.924,1.6,2.22,3.493,3.627,2.813,1.447,2.044,2.679,1.552,2.169,1.668,1.329,3.408,1.848,1.519,1.375,1.89,1.344,1.75,0.327,1.904,0.902,2.022,5.347,4.07,5.484,2.213,0.604,4.413,5.404,5.776,1.656,2.274,0.928,2.241,5.304,1.417,2.762,3.539,1.607,3.691,8.204,2.4,1.27,6.523,6.84,3.52,1.126,2.312,1.02,5.221,3.33,2.53,1.385,5.932,3.38,2.444,5.108,1.877,9.66,1.795,2.975,3.442,2.977,2.037,2.912,7.664,3.104,3.929,1.351,2.037,2.333,1.711,1.918,3.31,2.179,1.371,2.036,0.941,4.271,1.771,1.525
"1996",2.19,1.908,1.986,1.663,1.487,2.278,3.962,4.433,1.844,1.377,2.728,2.315,2.236,1.527,1.403,1.161,2.808,2.654,1.569,1.554,2.005,1.134,1.254,0.287,1.736,0.919,2.573,5.093,4.454,5.883,2.826,0.891,4.194,6.086,6.613,1.634,3.702,0.811,2.664,5.007,1.354,2.32,2.606,1.73,3.801,11.13,2.114,1.316,6.226,3.04,3.25,1.191,2.758,1.729,5.172,3.537,2.133,1.204,7.065,2.951,2.542,4.558,1.819,9.119,2.219,3.285,4.85,3.75,2.112,3.083,5.92,3.016,3.426,1.619,2.652,1.983,1.892,1.722,2.652,2.53,1.367,1.518,1.068,3.671,1.773,2.295
"1997",1.444,1.743,1.823,1.661,1.36,1.512,3.389,3.302,2.244,1.147,2.871,1.951,1.896,1.832,1.508,1.315,2.464,2.132,1.139,1.41,1.286,1.272,1.553,0.337,1.497,1.129,2.65,3.902,3.466,4.393,1.914,0.918,2.823,5.371,5.692,1.61,2.979,0.876,2.39,4.733,1.527,3.002,2.647,1.41,3.46,8.637,2.104,1.189,5.631,3.276,3.342,1.17,2.43,1.484,5.282,3.66,3.191,1.038,7.505,3.484,2.292,4.266,1.648,8.039,1.467,2.138,4.713,3.335,2.147,2.541,4.108,3.649,3.077,0.807,2.479,1.106,1.419,1.917,2.311,2.516,1.359,1.831,0.833,3.108,1.943,1.889
"1998",1.629,1.859,1.783,2.051,1.976,2.113,3.668,4.079,3.053,1.683,3.46,2.436,1.84,1.826,1.702,1.016,1.813,2.202,1.91,1.329,2.14,1.309,1.366,0.339,2.086,2.01,2.935,3.788,4.39,5.137,1.946,1.359,3.317,8.501,7.576,1.799,4.221,0.812,2.292,6.852,1.609,3.042,2.532,1.73,4.148,11.878,3.206,1.075,6.941,5.152,4.693,1.366,1.918,1.836,7.093,3.792,3.574,1.425,8.859,4.255,3.602,6.883,1.77,9.669,1.496,3.726,6.131,4.076,2.212,3.126,6.018,4.461,4.568,1.02,2.688,1.242,1.256,2.082,2.882,2.684,1.287,1.66,0.641,2.59,2.173,2.354
"1999",1.191,1.74,1.021,1.693,1.406,1.816,3.537,2.83,1.731,0.927,2.157,2.375,1.531,1.791,1.221,0.828,2.143,2.005,1.031,1.009,2.011,1.172,1.157,0.372,1.419,1.014,2.07,2.33,3.831,4.603,1.847,1.239,2.738,6.815,5.546,1.276,2.746,1.037,1.78,4.553,1.491,3.499,1.808,1.474,3.751,6.383,2.419,1.449,6.165,4.132,3.095,1.015,1.532,1.422,4.355,3.052,2.623,1.386,7.036,3.15,2.055,3.066,1.561,4.485,1.145,2.176,5.564,2.943,1.612,2.504,4.861,3.148,3.095,0.921,2.401,0.997,0.66,1.288,2.392,2.111,1.101,1.069,0.671,3.461,2.117,1.628
"2000",1.788,2.677,1.73,2.74,1.905,2.44,3.608,4.837,2.492,1.22,1.984,3.037,2.062,2.551,1.779,1.483,2.845,2.42,1.538,1.361,2.28,1.258,0.79,0.487,1.348,1.738,3.11,4.739,3.967,5.129,3.115,1.309,3.811,8.869,6.015,1.353,3.708,0.971,1.578,6.804,1.512,4.083,2.435,2.176,4.381,10.955,2.868,1.195,6.063,4.888,3.817,1.322,1.704,1.502,5.602,1.916,3.708,1.241,7.749,4.79,2.817,3.348,1.528,4.795,0.941,3.569,6.628,4.296,2.192,2.798,4.945,4.279,2.79,0.94,2.492,0.774,1.03,1.991,3.011,3.406,1.743,2.387,0.407,3.315,2.891,1.684
"2001",1.594,1.559,1.262,1.417,1.037,2.024,2.857,3.93,1.968,0.982,2.404,2.25,1.74,1.366,1.363,1.226,2.829,1.721,1.456,0.922,2.141,1.414,1.626,0.676,1.389,1.389,1.852,2.921,4.049,4.435,2.367,1.814,2.895,6.882,5.58,1.055,3.05,1.241,1.657,4.994,1.752,3.331,2.163,2.337,3.993,9.655,2.101,1.165,6.761,2.84,2.251,1.102,2.774,1.45,4.834,2.205,3.415,1.152,6.524,3.327,1.897,3.372,1.614,4.289,0.972,2.543,5.246,3.154,2.043,2.44,3.936,3.453,2.255,1.012,2.429,0.64,1.303,2.063,2.754,2.525,1.221,2.278,0.694,3.051,2.186,1.472
"2002",1.657,2.165,1.785,1.238,1.149,1.269,2.076,4.715,1.912,0.905,2.265,2.166,1.661,1.26,1.759,1.344,3.239,2.255,1.234,1.253,2.102,0.886,1.341,0.318,1.518,1.745,2.115,3.599,3.736,4.836,2.004,1.828,1.921,5.547,5.759,1.305,3.777,0.876,1.876,6.174,1.624,3.069,1.714,1.637,3.549,9.447,2.712,1.198,7.844,4.021,2.606,1.142,3.297,1.495,6.279,3.235,6.019,1.166,6.975,1.919,2.219,3.758,1.635,6.243,1.023,3.049,4.037,3.109,1.75,2.626,4.665,3.854,2.773,1.01,2.36,0.865,1.193,1.956,3.62,3.354,1.004,3.102,0.635,3.689,2.518,1.847
"2003",1.141,1.543,0.962,0.812,0.798,1.451,2.116,5.928,1.181,0.717,2.34,1.876,1.074,0.859,1.803,0.75,2.422,1.793,1.169,0.895,1.801,0.82,1.214,0.343,1.676,1.131,2.245,3.355,3.889,4.122,2.066,1.433,2.428,4.974,7.017,1.611,3.694,0.711,2.328,6.595,1.157,3.394,1.35,2.183,3.49,9.193,3.944,1.405,7.432,4.719,2.861,0.956,2.449,1.094,7.175,3.272,6.643,0.889,7.136,2.874,2.383,3.682,1.519,5.436,0.91,2.605,2.447,3.423,1.721,2.344,4.968,3.383,2.106,0.928,2.37,0.672,0.905,2.318,3.011,2.605,0.617,2.049,0.603,2.42,2.08,1.594
"2004",1.768,2.886,1.613,1.7,1.11,1.426,2.267,6.484,0.886,0.964,2.522,2.187,1.4,1.019,1.76,0.882,3.202,2.135,1.814,0.856,2.258,1.136,1.745,0.529,2.034,1.902,2.754,4.07,4.929,4.701,2.845,1.736,2.933,3.795,7.492,1.634,3.223,0.801,2.403,6.821,1.427,3.413,2.192,3.623,4.323,10.154,4.366,1.915,6.266,3.762,2.954,1.085,2.838,1.308,9.252,4.1,5.082,1.137,9.142,3.72,2.138,4.845,1.807,4.65,1.677,3.371,4.305,3.659,2.033,2.565,4.694,4.023,2.467,1.246,2.535,0.911,1.096,1.816,2.371,2.606,0.707,2.459,1.229,3.473,2.93,2.359
"2005",1.684,1.712,1.189,1.241,0.839,1.098,2.495,5.136,1.01,0.672,2.033,1.961,1.404,1.126,1.478,0.699,4.229,2.053,1.402,1.208,1.686,1.127,1.182,0.528,1.672,1.12,1.93,3.14,3.616,4.543,2.087,1.958,2.066,2.416,6.552,1.403,2.941,0.727,3.041,6.512,1.864,2.529,2.313,3.173,4.047,8.762,3.104,1.682,6.976,3.978,3.458,1.325,2.854,1.532,6.707,3.749,4.531,1.304,7.081,3.107,2.147,5.356,1.762,4.262,1.258,2.266,3.859,2.973,2.446,2.089,4.734,3.372,3.903,0.984,2.626,0.87,0.997,1.206,1.756,2.191,0.724,1.835,0.938,3.518,2.432,2.089
"2006",2.026,1.794,1.474,1.37,1.062,1.544,2.006,6.238,1.069,1.035,2.566,2.162,1.636,1.319,1.415,0.893,3.123,1.881,1.491,1.416,1.9,1.049,1.518,0.765,2.289,1.351,2.265,3.516,3.88,4.565,1.977,2.032,4.252,2.65,7.348,1.424,3.141,0.771,3.411,8.797,1.592,1.964,1.896,4.273,3.709,10.366,3.524,1.8,7.032,4.866,3.295,1.226,3.837,1.655,7.692,2.887,5.126,1.475,5.943,1.91,2.327,5.807,1.898,4.182,1.131,3.202,3.455,2.829,2.185,2.23,4.638,4.09,3.964,1.308,2.908,1.073,1.083,0.846,1.382,1.927,0.642,1.618,1.417,3.664,2.925,1.705
"2007",1.556,2.018,1.514,1.409,1.043,1.919,2.317,5.146,1.365,0.821,2.497,2.138,1.397,1.439,1.201,0.952,2.784,1.349,1.587,1.216,2.026,1.246,1.322,0.774,1.694,1.291,2.391,3.751,3.759,3.802,2.129,1.781,4.996,2.009,5.262,1.434,2.73,0.753,2.331,6.974,1.614,1.479,1.668,2.518,3.601,6.559,2.527,1.547,5.876,3.11,2.642,0.959,3.433,2.661,5.683,2.443,3.785,1.182,7.137,2.448,2.328,5.32,1.382,3.845,0.952,2.33,3.854,2.955,2.711,2.552,3.531,3.153,2.568,1.18,2.555,1.062,1.16,1.157,1.856,2.109,0.861,2.103,1.145,2.953,2.386,1.696
"2008",1.513,1.865,1.37,1.453,1.158,1.893,1.787,6.709,1.328,1.323,3.228,1.512,0.623,1.129,1.136,1.055,2.948,1.763,2.237,1.701,1.978,1.121,1.452,0.649,1.51,1.489,2.401,3.019,4.085,4.013,2.132,1.789,5.445,3.11,6.426,1.587,2.924,0.884,2.545,8.128,1.641,1.641,1.724,3.113,3.143,7.044,2.913,1.428,5.993,3.506,2.872,0.71,3.591,1.396,6.378,2.46,4.354,1.395,7.211,2.675,1.589,4.297,1.098,2.928,1.206,2.602,4.221,3.3,2.097,2.325,3.642,3.737,3.415,1.153,3.109,0.901,1.086,1.312,2.266,2.391,0.708,2.215,1.489,2.936,1.991,2.051
"2009",2.264,2.389,1.407,1.947,1.565,2.863,2.054,6.805,2.388,1.494,3.079,2.307,2.099,1.746,1.241,0.927,3.35,2.166,2.888,1.49,2.009,1.546,1.423,1.634,1.683,2.382,3.256,4.851,6.065,6.017,3.029,1.996,5.073,3.857,8.07,1.642,3.616,1.045,2.786,7.159,1.639,2.052,2.085,5.148,4.062,8.441,4.282,1.694,5.633,4.298,3.014,0.752,3.974,1.801,7.438,3.768,5.658,0.982,7.281,3.349,1.727,5.405,1.535,3.628,1.662,3.687,5.507,3.446,2.278,2.259,4.765,5.099,5.278,1.523,3.73,1.043,1.784,1.531,3.146,2.475,0.873,2.479,2.177,3.476,2.659,3.005
"2010",1.909,2.213,1.164,0.819,1.289,2.091,1.641,5.076,1.659,1.038,2.69,1.801,1.479,1.138,1.262,1.008,2.498,1.788,2.406,1.296,1.841,1.314,1.087,0.689,1.718,2.336,2.598,3.961,5.188,4.039,2.124,1.931,2.471,3.83,7.733,1.329,3.13,1.11,2.922,8.816,1.335,1.905,2.055,6.648,3.856,5.792,3.344,1.587,6.932,6.565,2.676,0.81,3.519,1.375,7.916,3.716,4.827,1.204,4.646,2.878,2.283,3.88,1.544,2.675,1.141,2.581,3.913,1.977,2.428,2.239,4.597,4.128,5.419,1.303,3.053,1.031,1.103,1.509,2.642,3.114,0.57,2.935,2.158,3.508,2.083,2.153
"2011",1.678,2.239,1.689,0.848,1.313,1.53,2.072,5.142,1.965,1.269,2.755,2.131,2.064,1.603,1.009,1.11,2.195,1.985,2.017,1.306,1.991,1.362,1.238,1.098,1.393,1.493,2.318,2.985,3.767,3.95,2.501,1.936,2.191,4.042,5.747,1.318,3.772,0.99,2.293,9.121,1.578,1.764,1.582,4.905,3.768,5.198,2.486,1.451,5.039,4.133,2.571,0.93,3.52,1.139,5.194,2.917,3.936,1.19,7.063,3.202,1.778,3.07,1.532,3.135,0.914,2.112,3.388,2.438,2.656,1.944,3.845,3.317,3.836,1.322,2.715,1.169,1.671,1.368,2.509,2.299,1.162,2.17,2.212,3.142,2.481,1.926
"2012",1.857,1.619,1.628,0.784,1.2,1.858,1.621,4.087,1.239,1.041,2.165,1.503,1.471,0.915,1.062,0.854,1.694,1.612,1.524,1.206,1.925,1.148,1.094,0.997,1.255,0.99,1.956,2.893,4.321,3.798,2.136,1.811,2.842,3.791,5.276,1.45,4.08,0.868,1.915,7.339,1.703,1.897,1.882,3.596,3.707,3.988,3.216,1.298,6.183,2.842,3.831,0.845,2.972,1.053,5.265,2.486,5.085,0.99,7.596,2.548,1.768,2.751,1.281,2.447,1.032,1.992,3.884,2.523,2.6,2.299,3.615,3.701,3.945,0.926,2.551,1,1.531,1.112,2.109,2.226,1.383,1.878,2.111,2.454,2.369,2.198
"2013",2.21,1.904,1.329,0.72,1.358,1.584,1.887,3.545,1.973,1.883,2.194,1.307,1.581,1.606,1.182,0.958,2.254,2.307,2.172,1.354,1.854,1.252,1.352,0.737,1.686,1.302,2.136,2.992,4.78,4.298,2.481,2.124,2.83,3.994,6.177,1.402,4.522,1.004,2.145,7.412,1.535,1.982,2.078,3.994,4.397,6.992,3.064,1.248,5.368,2.277,3.394,0.666,2.65,1.018,7.721,3.593,4.16,0.788,6.899,2.653,1.743,3.121,1.579,2.451,1.339,2.357,3.88,2.586,2.169,2.244,3.801,4.23,3.597,1.067,2.977,0.862,2.097,1.22,2.43,2.311,1.153,2.459,1.937,2.224,2.623,2.3
"2014",2.396,2.007,1.541,0.893,1.301,2.055,2.103,4.266,1.33,1.527,1.988,1.27,1.862,1.17,1.164,1.027,2.318,2.152,1.574,1.415,1.769,1.166,1.403,1.306,1.516,0.893,1.869,2.601,3.67,3.908,1.968,2.088,3.211,3.997,6.139,1.677,5.075,1.019,2.497,10.505,1.693,2.322,1.762,5.081,4.307,9.952,3.85,1.422,4.683,2.803,2.925,0.687,2.818,1.103,6.138,3.294,4.574,0.638,5.307,2.826,2.021,2.694,1.347,2.738,1.265,1.957,3.398,2.465,2.333,2.397,3.909,4.284,3.366,1.317,3.453,0.81,2.048,1.641,1.865,2.526,1.192,2.212,1.817,1.693,2.878,3.178
"2015",2.969,2.27,1.374,1.072,1.282,1.922,1.891,5.713,2.297,1.983,2.237,1.861,1.64,1.956,1.276,0.929,2.686,1.918,1.36,1.641,1.511,1.328,1.215,0.82,1.463,1.111,2.111,3.604,3.686,3.984,2.157,2.084,3.313,5.501,8.649,1.528,4.995,0.929,2.71,9.408,1.687,1.745,2.061,5.412,4.446,7.796,3.951,1.522,5.347,2.801,4.228,0.862,2.318,1.363,8.026,3.141,4.782,0.715,6.905,3.716,1.934,4.015,1.285,3.359,1.219,2.516,3.554,2.761,2.676,2.294,3.484,4.151,3.072,2.292,3.364,0.735,1.987,1.526,2.225,2.854,1.28,2.995,2.24,1.683,3.024,3.522
"2016",1.819,1.785,1.277,1.109,0.948,1.49,1.485,4.018,1.579,1.091,1.759,1.606,1.313,1.117,1.176,0.862,2.45,1.488,1.258,1.259,1.585,0.966,1.226,1.352,1.228,0.814,1.476,2.312,3.531,2.572,1.948,1.987,2.764,3.405,5.038,1.054,4.549,0.637,1.977,9.672,1.808,1.78,1.382,2.373,2.842,2.377,3.051,1.513,5.501,2.679,2.66,0.591,2.694,1.028,4.529,2.65,3.844,0.6,4.88,2.351,1.298,2.962,1.337,2.254,1.12,1.697,2.92,2.617,2.419,2.437,3.696,2.648,3.489,1.31,2.647,0.682,1.023,1.264,1.511,2.241,1.043,2.171,1.535,1.887,2.316,2.303
"2017",1.281,1.743,1.107,1.664,0.884,1.764,1.559,6.815,1.742,1.124,1.827,1.993,1.668,1.415,1.367,0.924,2.157,1.549,2.507,1.731,1.827,1.096,1.222,0.569,1.526,1.153,2.344,4.247,3.649,2.642,2.33,1.964,3.623,3.677,6.083,1.518,5.372,0.959,2.171,9.422,1.276,1.856,1.606,4.181,3.617,3.26,3.847,1.305,5.229,3.916,3.434,0.634,2.081,0.792,6.704,3.304,4.932,0.577,5.962,3.106,1.938,2.454,1.447,3.2,1.563,2.703,3.1,2.998,1.944,1.815,3.107,4.244,3.028,1.042,2.495,0.73,1.663,1.613,1.923,3.207,1.402,2.956,2.071,2.084,2.286,2.827
