"years","X15.16QA","X37.4QA","X39.8QA","X88.12QA","X89.12QA","X95.8QA","X117.8QA","X133.12QA","X138.8QA","X179.4QA","X184.4QA","X206.12QA","X210.8QA","X215.8QA","X223.4QA","X233.12QA","X237.8QA","X238.8QA","X261.16QA","X278.16QA","X18.16QR","X20.12QR","X21.8QR","X54.12QR","X63.8QR","X74.12QR","X77.QR","X92.QR","X94.16QR","X109.15QR","X118.QR","X129.16QR","X134.8QR","X135.4QR","X140.12QR","X165.QR","X172.12QR","X180.12QR","X182.12QR","X183.8QR","X187.12QR","X194.12QR","X205.8QR","X207.4QR","X213.12QR","X217.12QR","X224.QR","X227.11QR","X236.12QR","X239.4QR","X241.4QR","X245.8QR","X276.4QR","X277.12QR","X46.8QV","X62.8QV","X65.8QV","X178.8QV","X230.16QV","X274.8QV","X125.12QP","X22.12QM","X23.8QM","X79.8.QM"
1787,NA,NA,NA,NA,NA,NA,NA,NA,NA,NA,NA,NA,NA,NA,NA,NA,NA,NA,NA,NA,NA,NA,NA,NA,NA,NA,NA,NA,NA,NA,NA,NA,NA,NA,NA,NA,NA,NA,NA,NA,NA,NA,NA,NA,NA,NA,NA,NA,NA,NA,NA,NA,NA,NA,NA,NA,NA,NA,NA,NA,NA,NA,NA,NA
1788,NA,NA,NA,NA,NA,NA,NA,NA,NA,NA,NA,NA,NA,NA,NA,NA,NA,NA,NA,NA,NA,NA,NA,NA,NA,NA,NA,NA,NA,NA,NA,NA,NA,NA,NA,NA,NA,NA,NA,NA,NA,NA,NA,NA,NA,NA,NA,NA,NA,NA,NA,NA,NA,NA,NA,NA,NA,NA,NA,NA,NA,NA,NA,NA
1789,NA,NA,NA,NA,NA,NA,NA,NA,NA,NA,NA,NA,NA,NA,NA,NA,NA,NA,NA,NA,NA,NA,NA,NA,NA,NA,NA,NA,NA,NA,NA,NA,NA,NA,NA,NA,NA,NA,NA,NA,NA,NA,NA,NA,NA,NA,NA,NA,NA,NA,NA,NA,NA,NA,NA,NA,NA,NA,NA,NA,NA,NA,NA,NA
1790,NA,NA,NA,NA,NA,NA,NA,NA,NA,NA,NA,NA,NA,NA,NA,NA,NA,NA,NA,NA,NA,NA,NA,NA,NA,NA,NA,NA,NA,NA,NA,NA,NA,NA,NA,NA,NA,NA,NA,NA,NA,NA,NA,NA,NA,NA,NA,NA,NA,NA,NA,NA,NA,NA,NA,NA,NA,NA,NA,NA,NA,NA,NA,NA
1791,NA,NA,NA,NA,NA,NA,NA,NA,NA,NA,NA,NA,NA,NA,NA,NA,NA,NA,NA,NA,NA,NA,NA,NA,NA,NA,NA,NA,NA,NA,NA,NA,NA,NA,NA,NA,NA,NA,NA,NA,NA,NA,NA,NA,NA,NA,NA,NA,NA,NA,NA,NA,NA,NA,NA,NA,NA,NA,NA,NA,NA,NA,NA,NA
1792,NA,NA,NA,NA,NA,NA,NA,NA,NA,NA,NA,NA,NA,NA,NA,NA,NA,NA,NA,NA,NA,NA,NA,NA,NA,NA,NA,NA,NA,NA,NA,NA,NA,NA,NA,NA,NA,NA,NA,NA,NA,NA,NA,NA,NA,NA,NA,NA,NA,NA,NA,NA,NA,NA,NA,NA,NA,NA,NA,NA,NA,NA,NA,NA
1793,NA,NA,NA,NA,NA,NA,NA,NA,NA,NA,NA,NA,NA,NA,NA,NA,NA,NA,NA,NA,NA,NA,NA,NA,NA,NA,NA,NA,NA,NA,NA,NA,NA,NA,NA,NA,NA,NA,NA,NA,NA,NA,NA,NA,NA,NA,NA,NA,NA,NA,NA,NA,NA,NA,NA,NA,NA,NA,NA,NA,NA,NA,NA,NA
1794,NA,NA,NA,NA,NA,NA,NA,NA,NA,NA,NA,NA,NA,NA,NA,NA,NA,NA,NA,NA,NA,NA,NA,NA,NA,NA,NA,NA,NA,NA,NA,NA,NA,NA,NA,NA,NA,NA,NA,NA,NA,NA,NA,NA,NA,NA,NA,NA,NA,NA,NA,NA,NA,NA,NA,NA,NA,NA,NA,NA,NA,NA,NA,NA
1795,NA,NA,NA,NA,NA,NA,NA,NA,NA,NA,NA,NA,NA,NA,NA,NA,NA,NA,NA,NA,NA,NA,NA,NA,NA,NA,NA,NA,NA,NA,NA,NA,NA,NA,NA,NA,NA,NA,NA,NA,NA,NA,NA,NA,NA,NA,NA,NA,NA,NA,NA,NA,NA,NA,NA,NA,NA,NA,NA,NA,NA,NA,NA,NA
1796,NA,NA,NA,NA,NA,NA,NA,NA,NA,NA,NA,NA,NA,NA,NA,NA,NA,NA,NA,NA,NA,NA,NA,NA,NA,NA,NA,NA,NA,NA,NA,NA,NA,NA,NA,NA,NA,NA,NA,NA,NA,NA,NA,NA,NA,NA,NA,NA,NA,NA,NA,NA,NA,NA,NA,NA,NA,NA,NA,NA,NA,NA,NA,NA
1797,NA,NA,NA,NA,NA,NA,NA,NA,NA,NA,NA,NA,NA,NA,NA,NA,NA,NA,NA,NA,NA,NA,NA,NA,NA,NA,NA,NA,NA,NA,NA,NA,NA,NA,NA,NA,NA,NA,NA,NA,NA,NA,NA,NA,NA,NA,NA,NA,NA,NA,NA,NA,NA,NA,NA,NA,NA,NA,NA,NA,NA,NA,NA,NA
1798,NA,NA,NA,NA,NA,NA,NA,NA,NA,NA,NA,NA,NA,NA,NA,NA,NA,NA,NA,NA,NA,NA,NA,NA,NA,NA,NA,NA,NA,NA,NA,NA,NA,NA,NA,NA,NA,NA,NA,NA,NA,NA,NA,NA,NA,NA,NA,NA,NA,NA,NA,NA,NA,NA,NA,NA,NA,NA,NA,NA,NA,NA,NA,NA
1799,NA,NA,NA,NA,NA,NA,NA,NA,NA,NA,NA,NA,NA,NA,NA,NA,NA,NA,NA,NA,NA,NA,NA,NA,NA,NA,NA,NA,NA,NA,NA,NA,NA,NA,NA,NA,NA,NA,NA,NA,NA,NA,NA,NA,NA,NA,NA,NA,NA,NA,NA,NA,NA,NA,NA,NA,NA,NA,NA,NA,NA,NA,NA,NA
1800,NA,NA,NA,NA,NA,NA,NA,NA,NA,NA,NA,NA,NA,NA,NA,NA,NA,NA,NA,NA,NA,NA,NA,NA,NA,NA,NA,NA,NA,NA,NA,NA,NA,NA,NA,NA,NA,NA,NA,NA,NA,NA,NA,NA,NA,NA,NA,NA,NA,NA,NA,NA,NA,NA,NA,NA,NA,NA,NA,NA,NA,NA,NA,NA
1801,NA,NA,NA,NA,NA,NA,NA,NA,NA,NA,NA,NA,NA,NA,NA,NA,NA,NA,NA,NA,NA,NA,NA,NA,NA,NA,NA,NA,NA,NA,NA,NA,NA,NA,NA,NA,NA,NA,NA,NA,NA,NA,NA,NA,NA,NA,NA,NA,NA,NA,NA,NA,NA,NA,NA,NA,NA,NA,NA,NA,NA,NA,NA,NA
1802,NA,NA,NA,NA,NA,NA,NA,NA,NA,NA,NA,NA,NA,NA,NA,NA,NA,NA,NA,NA,NA,NA,NA,NA,NA,NA,NA,NA,NA,NA,NA,NA,NA,NA,NA,NA,NA,NA,NA,NA,NA,NA,NA,NA,NA,NA,NA,NA,NA,NA,NA,NA,NA,NA,NA,NA,NA,NA,NA,NA,NA,NA,NA,NA
1803,NA,NA,NA,NA,NA,NA,NA,NA,NA,NA,NA,NA,NA,NA,NA,NA,NA,NA,NA,NA,NA,NA,NA,NA,NA,NA,NA,NA,NA,NA,NA,NA,NA,NA,NA,NA,NA,NA,NA,NA,NA,NA,NA,NA,NA,NA,NA,NA,NA,NA,NA,NA,NA,NA,NA,NA,NA,NA,NA,NA,NA,NA,NA,NA
1804,NA,NA,NA,NA,NA,NA,NA,NA,NA,NA,NA,NA,NA,NA,NA,NA,NA,NA,NA,NA,NA,NA,NA,NA,NA,NA,NA,NA,NA,NA,NA,NA,NA,NA,NA,NA,NA,NA,NA,NA,NA,NA,NA,NA,NA,NA,NA,NA,NA,NA,NA,NA,NA,NA,NA,NA,NA,NA,NA,NA,NA,NA,NA,NA
1805,NA,NA,NA,NA,NA,NA,NA,NA,NA,NA,NA,NA,NA,NA,NA,NA,NA,NA,NA,NA,NA,NA,NA,NA,NA,NA,NA,NA,NA,NA,NA,NA,NA,NA,NA,NA,NA,NA,NA,NA,NA,NA,NA,NA,NA,NA,NA,NA,NA,NA,NA,NA,NA,NA,NA,NA,NA,NA,NA,NA,NA,NA,NA,NA
1806,NA,NA,NA,NA,NA,NA,NA,NA,NA,NA,NA,NA,NA,NA,NA,NA,NA,NA,NA,NA,NA,NA,NA,NA,NA,NA,NA,NA,NA,NA,NA,NA,NA,NA,NA,NA,NA,NA,NA,NA,NA,NA,NA,NA,NA,NA,NA,NA,NA,NA,NA,NA,NA,NA,NA,NA,NA,NA,NA,NA,NA,NA,NA,NA
1807,NA,NA,NA,NA,NA,NA,NA,NA,NA,NA,NA,NA,NA,NA,NA,NA,NA,NA,NA,NA,NA,NA,NA,NA,NA,NA,NA,NA,NA,NA,NA,NA,NA,NA,NA,NA,NA,NA,NA,NA,NA,NA,NA,NA,NA,NA,NA,NA,NA,NA,NA,NA,NA,NA,NA,NA,NA,NA,NA,NA,NA,NA,NA,NA
1808,NA,NA,NA,NA,NA,NA,NA,NA,NA,NA,NA,NA,NA,NA,NA,NA,NA,NA,NA,NA,NA,NA,NA,NA,NA,NA,NA,NA,NA,NA,NA,NA,NA,NA,NA,NA,NA,NA,NA,NA,NA,NA,NA,NA,NA,NA,NA,NA,NA,NA,NA,NA,NA,NA,NA,NA,NA,NA,NA,NA,NA,NA,NA,NA
1809,NA,NA,NA,NA,NA,NA,NA,NA,NA,NA,NA,NA,NA,NA,NA,NA,NA,NA,NA,NA,NA,NA,NA,NA,NA,NA,NA,NA,NA,NA,NA,NA,NA,NA,NA,NA,NA,NA,NA,NA,NA,NA,NA,NA,NA,NA,NA,NA,NA,NA,NA,NA,NA,NA,NA,NA,NA,NA,NA,NA,NA,NA,NA,NA
1810,NA,NA,NA,NA,NA,NA,NA,NA,NA,NA,NA,NA,NA,NA,NA,NA,NA,NA,NA,NA,NA,NA,NA,NA,NA,NA,NA,NA,NA,NA,NA,NA,NA,NA,NA,NA,NA,NA,NA,NA,NA,NA,NA,NA,NA,NA,NA,NA,NA,NA,NA,NA,NA,NA,NA,NA,NA,NA,NA,NA,NA,NA,NA,NA
1811,NA,NA,NA,NA,NA,NA,NA,NA,NA,NA,NA,NA,NA,NA,NA,NA,NA,NA,NA,NA,NA,NA,NA,NA,NA,NA,NA,NA,NA,NA,NA,NA,NA,NA,NA,NA,NA,NA,NA,NA,NA,NA,NA,NA,NA,NA,NA,NA,NA,NA,NA,NA,NA,NA,NA,NA,NA,NA,NA,NA,NA,NA,NA,NA
1812,NA,NA,NA,NA,NA,NA,NA,NA,NA,NA,NA,NA,NA,NA,NA,NA,NA,NA,NA,NA,NA,NA,NA,NA,NA,NA,NA,NA,NA,NA,NA,NA,NA,NA,NA,NA,NA,NA,NA,NA,NA,NA,NA,NA,NA,NA,NA,NA,NA,NA,NA,NA,NA,NA,NA,NA,NA,NA,NA,NA,NA,NA,NA,NA
1813,NA,NA,NA,NA,NA,NA,NA,NA,NA,NA,NA,NA,NA,NA,NA,NA,NA,NA,NA,NA,NA,NA,NA,NA,NA,NA,NA,NA,NA,NA,NA,NA,NA,NA,NA,NA,NA,NA,NA,NA,NA,NA,NA,NA,NA,NA,NA,NA,NA,NA,NA,NA,NA,NA,NA,NA,NA,NA,NA,NA,NA,NA,NA,NA
1814,NA,NA,NA,NA,NA,NA,NA,NA,NA,NA,NA,NA,NA,NA,NA,NA,NA,NA,NA,NA,NA,NA,NA,NA,NA,NA,NA,NA,NA,NA,NA,NA,NA,NA,NA,NA,NA,NA,NA,NA,NA,NA,NA,NA,NA,NA,NA,NA,NA,NA,NA,NA,NA,NA,NA,NA,NA,NA,NA,NA,NA,NA,NA,NA
1815,NA,NA,NA,NA,NA,NA,NA,NA,NA,NA,NA,NA,NA,NA,NA,NA,NA,NA,NA,NA,NA,NA,NA,NA,NA,NA,NA,NA,NA,NA,NA,NA,NA,NA,NA,NA,NA,NA,NA,NA,NA,NA,NA,NA,NA,NA,NA,NA,NA,NA,NA,NA,NA,NA,NA,NA,NA,NA,NA,NA,NA,NA,NA,NA
1816,NA,NA,NA,NA,NA,NA,NA,NA,NA,NA,NA,NA,NA,NA,NA,NA,NA,NA,NA,NA,NA,NA,NA,NA,NA,NA,NA,NA,NA,NA,NA,NA,NA,NA,NA,NA,NA,NA,NA,NA,NA,NA,NA,NA,NA,NA,NA,NA,NA,NA,NA,NA,NA,NA,NA,NA,NA,NA,NA,NA,NA,NA,NA,NA
1817,NA,NA,NA,NA,NA,NA,NA,NA,NA,NA,NA,NA,NA,NA,0.847538010880179,NA,NA,NA,NA,NA,NA,NA,NA,NA,NA,NA,NA,NA,NA,NA,NA,NA,NA,NA,NA,NA,NA,NA,NA,NA,NA,NA,NA,NA,NA,NA,NA,NA,NA,NA,NA,NA,NA,NA,NA,NA,NA,NA,NA,NA,NA,NA,NA,NA
1818,NA,NA,NA,NA,NA,NA,NA,NA,NA,NA,NA,NA,NA,NA,0.680629539951574,NA,NA,NA,NA,NA,NA,NA,NA,NA,NA,NA,NA,NA,NA,NA,NA,NA,NA,NA,NA,NA,NA,NA,NA,NA,NA,NA,NA,NA,NA,NA,NA,NA,NA,NA,NA,NA,NA,NA,NA,NA,NA,NA,NA,NA,NA,NA,NA,NA
1819,NA,NA,NA,NA,NA,NA,NA,NA,NA,NA,NA,NA,NA,NA,0.403290934786998,NA,NA,NA,NA,NA,NA,NA,NA,NA,NA,NA,NA,NA,NA,NA,NA,NA,NA,NA,NA,NA,NA,NA,NA,NA,NA,NA,NA,NA,NA,NA,NA,NA,NA,NA,NA,NA,NA,NA,NA,NA,NA,NA,NA,NA,NA,NA,NA,NA
1820,NA,NA,NA,NA,NA,NA,NA,NA,NA,NA,NA,NA,NA,NA,0.369782425996825,NA,NA,NA,NA,NA,NA,NA,NA,NA,NA,NA,NA,NA,NA,NA,NA,NA,NA,NA,NA,NA,NA,NA,NA,NA,NA,NA,NA,NA,NA,NA,NA,NA,NA,NA,NA,NA,NA,NA,NA,NA,NA,NA,NA,NA,NA,NA,NA,NA
1821,NA,NA,NA,NA,NA,NA,NA,NA,NA,NA,NA,NA,NA,NA,0.258283920474363,NA,NA,NA,NA,NA,NA,NA,NA,NA,NA,NA,NA,NA,NA,NA,NA,NA,NA,NA,NA,NA,NA,NA,NA,NA,NA,NA,NA,NA,NA,NA,NA,NA,NA,NA,NA,NA,NA,NA,NA,NA,NA,NA,NA,NA,NA,NA,NA,NA
1822,NA,NA,NA,NA,NA,NA,NA,NA,NA,NA,NA,NA,NA,NA,0.313833508219657,NA,NA,NA,NA,NA,NA,NA,NA,NA,NA,NA,NA,NA,NA,NA,NA,NA,NA,NA,NA,NA,NA,NA,NA,NA,NA,NA,NA,NA,NA,NA,NA,NA,NA,NA,NA,NA,NA,NA,NA,NA,NA,NA,NA,NA,NA,NA,NA,NA
1823,NA,NA,NA,NA,NA,NA,NA,NA,NA,NA,NA,NA,NA,NA,0.332964977898674,NA,NA,NA,NA,NA,NA,NA,NA,NA,NA,NA,NA,NA,NA,NA,NA,NA,NA,NA,NA,NA,NA,NA,NA,NA,NA,NA,NA,NA,NA,NA,NA,NA,NA,NA,NA,NA,NA,NA,NA,NA,NA,NA,NA,NA,NA,NA,NA,NA
1824,NA,NA,NA,NA,NA,NA,NA,NA,NA,NA,NA,NA,NA,NA,0.374741714191256,NA,NA,NA,NA,NA,NA,NA,NA,NA,NA,NA,NA,NA,NA,NA,NA,NA,NA,NA,NA,NA,NA,NA,NA,NA,NA,NA,NA,NA,NA,NA,NA,NA,NA,NA,NA,NA,NA,NA,NA,NA,NA,NA,NA,NA,NA,NA,NA,NA
1825,NA,NA,NA,NA,NA,NA,NA,NA,NA,NA,NA,NA,NA,NA,0.263722593686829,NA,NA,NA,NA,NA,NA,NA,NA,NA,NA,NA,NA,NA,NA,NA,NA,NA,NA,NA,NA,NA,NA,NA,NA,NA,NA,NA,NA,NA,NA,NA,NA,NA,NA,NA,NA,NA,NA,NA,NA,NA,NA,NA,NA,NA,NA,NA,NA,NA
1826,NA,NA,NA,NA,NA,NA,0.284897025171625,NA,NA,NA,NA,NA,NA,NA,NA,NA,NA,NA,NA,NA,NA,NA,NA,NA,NA,NA,NA,NA,NA,NA,NA,NA,NA,NA,NA,NA,NA,NA,NA,NA,NA,NA,NA,NA,NA,NA,NA,NA,NA,NA,NA,NA,NA,NA,NA,NA,NA,NA,NA,NA,NA,NA,NA,NA
1827,NA,NA,NA,NA,NA,NA,0.744541484716157,NA,NA,NA,NA,NA,NA,NA,NA,NA,NA,0.33215330152378,NA,NA,NA,NA,NA,NA,NA,NA,NA,NA,NA,NA,NA,NA,NA,NA,NA,NA,NA,NA,NA,NA,NA,NA,NA,NA,NA,NA,NA,NA,NA,NA,NA,NA,NA,NA,NA,NA,NA,NA,NA,NA,NA,NA,NA,NA
1828,NA,NA,NA,NA,NA,NA,1.05382716049383,NA,NA,NA,NA,NA,NA,NA,NA,NA,NA,NA,NA,NA,NA,NA,NA,NA,NA,NA,NA,NA,NA,NA,NA,NA,NA,NA,NA,NA,NA,NA,NA,NA,NA,NA,NA,NA,NA,NA,NA,NA,NA,NA,NA,NA,NA,NA,NA,NA,NA,NA,NA,NA,NA,NA,NA,NA
1829,NA,NA,NA,NA,NA,NA,1.44391025641026,NA,NA,NA,NA,NA,NA,NA,NA,NA,NA,NA,NA,NA,NA,NA,NA,NA,NA,NA,NA,NA,NA,NA,NA,NA,NA,NA,NA,NA,NA,NA,NA,NA,NA,NA,NA,NA,NA,NA,NA,NA,NA,NA,NA,NA,NA,NA,NA,NA,NA,NA,NA,NA,NA,NA,NA,NA
1830,NA,NA,NA,NA,NA,NA,1.61590145576708,NA,NA,NA,NA,NA,NA,NA,NA,NA,NA,NA,NA,NA,NA,NA,NA,NA,NA,NA,NA,NA,NA,NA,NA,NA,NA,NA,NA,NA,NA,NA,NA,NA,NA,NA,NA,NA,NA,NA,NA,NA,NA,NA,NA,NA,NA,NA,NA,NA,NA,NA,NA,NA,NA,NA,NA,NA
1831,NA,NA,NA,NA,NA,NA,1.40125720272394,NA,NA,NA,NA,NA,NA,NA,NA,NA,NA,NA,NA,NA,NA,NA,NA,NA,NA,NA,NA,NA,NA,NA,NA,NA,NA,NA,NA,NA,NA,NA,NA,NA,NA,NA,NA,NA,NA,NA,NA,NA,NA,NA,NA,NA,NA,NA,NA,NA,NA,NA,NA,NA,NA,NA,NA,NA
1832,NA,NA,NA,NA,NA,NA,1.00875979714154,NA,NA,NA,NA,NA,NA,NA,NA,NA,NA,NA,NA,NA,NA,NA,NA,NA,NA,NA,NA,NA,NA,NA,NA,NA,NA,NA,NA,NA,NA,NA,NA,NA,NA,NA,NA,NA,NA,NA,NA,NA,NA,NA,NA,NA,NA,NA,NA,NA,NA,NA,NA,NA,NA,NA,NA,NA
1833,NA,NA,NA,NA,NA,NA,0.75563110922227,NA,NA,NA,NA,NA,NA,NA,NA,NA,NA,NA,NA,NA,NA,NA,NA,NA,NA,NA,NA,NA,NA,NA,NA,NA,NA,NA,NA,NA,NA,NA,NA,NA,NA,NA,NA,NA,NA,NA,NA,NA,NA,NA,NA,NA,NA,NA,NA,NA,NA,NA,NA,NA,NA,NA,NA,NA
1834,NA,NA,NA,NA,NA,NA,0.559223300970874,NA,NA,NA,NA,NA,NA,NA,NA,NA,NA,NA,NA,NA,NA,NA,NA,NA,NA,NA,NA,NA,NA,NA,NA,NA,NA,NA,NA,NA,NA,NA,NA,NA,NA,NA,NA,NA,NA,NA,NA,NA,NA,NA,NA,NA,NA,NA,NA,NA,NA,NA,NA,NA,NA,NA,NA,NA
1835,NA,NA,NA,NA,NA,NA,NA,NA,NA,NA,NA,NA,NA,NA,NA,NA,NA,NA,NA,NA,NA,NA,NA,NA,NA,NA,NA,NA,NA,NA,NA,NA,NA,NA,NA,NA,NA,NA,NA,NA,NA,NA,NA,NA,NA,NA,NA,NA,NA,NA,NA,NA,NA,NA,NA,NA,NA,NA,NA,NA,NA,NA,NA,NA
1836,NA,NA,NA,NA,NA,NA,NA,NA,NA,NA,NA,NA,NA,NA,NA,NA,NA,NA,NA,NA,NA,NA,NA,NA,NA,NA,NA,NA,NA,NA,NA,NA,NA,NA,NA,NA,NA,NA,NA,NA,NA,NA,NA,NA,NA,NA,NA,NA,NA,NA,NA,NA,NA,NA,NA,NA,NA,NA,NA,NA,NA,NA,NA,NA
1837,NA,NA,NA,NA,NA,NA,NA,NA,NA,NA,NA,NA,NA,NA,NA,NA,NA,NA,NA,NA,NA,NA,NA,NA,NA,NA,NA,NA,NA,NA,NA,NA,NA,NA,NA,NA,NA,NA,NA,NA,NA,NA,NA,NA,NA,NA,NA,NA,NA,NA,NA,NA,NA,NA,NA,NA,NA,NA,NA,NA,NA,NA,NA,NA
1838,NA,NA,NA,NA,NA,NA,NA,NA,NA,NA,NA,NA,NA,NA,NA,NA,NA,NA,NA,NA,NA,NA,NA,NA,NA,NA,NA,NA,NA,NA,NA,NA,NA,NA,NA,NA,NA,NA,NA,NA,NA,NA,NA,NA,NA,NA,NA,NA,NA,NA,NA,NA,NA,NA,NA,NA,NA,NA,NA,NA,NA,NA,NA,NA
1839,NA,NA,NA,NA,NA,NA,NA,NA,NA,NA,NA,NA,NA,NA,NA,NA,NA,NA,NA,NA,NA,NA,NA,NA,NA,NA,NA,NA,NA,NA,NA,NA,NA,NA,NA,NA,NA,NA,NA,NA,NA,NA,NA,NA,NA,NA,NA,NA,NA,NA,NA,NA,NA,NA,NA,NA,NA,NA,NA,NA,NA,NA,NA,NA
1840,NA,NA,NA,NA,NA,NA,NA,NA,NA,NA,NA,NA,NA,NA,NA,NA,0.346281908990011,0.260092653871608,NA,NA,NA,NA,NA,NA,NA,NA,NA,NA,NA,NA,NA,NA,NA,NA,NA,NA,NA,NA,NA,NA,NA,NA,NA,NA,NA,NA,NA,NA,NA,NA,NA,NA,NA,NA,NA,NA,NA,NA,NA,NA,NA,NA,NA,NA
1841,NA,NA,NA,NA,NA,NA,NA,NA,NA,NA,NA,NA,NA,NA,NA,NA,0.686628383921247,0.333217933183313,NA,NA,NA,NA,NA,NA,NA,NA,NA,NA,NA,NA,NA,NA,NA,NA,NA,NA,NA,NA,NA,NA,NA,NA,NA,NA,NA,NA,NA,NA,NA,NA,NA,NA,NA,NA,NA,NA,NA,NA,NA,NA,NA,NA,NA,NA
1842,NA,NA,NA,NA,NA,NA,NA,NA,NA,NA,NA,NA,NA,NA,NA,NA,0.644306194211523,0.51433389544688,NA,NA,NA,NA,NA,NA,NA,NA,NA,NA,NA,NA,NA,NA,NA,NA,NA,NA,NA,NA,NA,NA,NA,NA,NA,NA,NA,NA,NA,NA,NA,NA,NA,NA,NA,NA,NA,NA,NA,NA,NA,NA,NA,NA,NA,NA
1843,NA,NA,NA,NA,NA,NA,NA,NA,NA,NA,NA,NA,NA,NA,NA,NA,0.518593988792664,0.460435475305364,NA,NA,NA,NA,NA,NA,NA,NA,NA,NA,NA,NA,NA,NA,NA,NA,NA,NA,NA,NA,NA,NA,NA,NA,NA,NA,NA,NA,NA,NA,NA,NA,NA,NA,NA,NA,NA,NA,NA,NA,NA,NA,NA,NA,NA,NA
1844,NA,NA,NA,NA,NA,NA,NA,NA,NA,NA,NA,NA,NA,NA,0.429691725256896,NA,0.429237184204072,0.309124148246634,NA,NA,NA,NA,NA,NA,NA,NA,NA,NA,NA,NA,NA,NA,NA,NA,NA,NA,NA,NA,NA,NA,NA,NA,NA,NA,NA,NA,NA,NA,NA,NA,NA,NA,NA,NA,NA,NA,NA,NA,NA,NA,NA,NA,NA,NA
1845,NA,NA,NA,NA,NA,NA,NA,NA,NA,NA,NA,NA,NA,NA,0.513673318551367,NA,0.346272189349112,NA,NA,NA,NA,NA,NA,NA,NA,NA,NA,NA,NA,NA,NA,NA,NA,NA,NA,NA,NA,NA,NA,NA,NA,NA,NA,NA,NA,NA,NA,NA,NA,NA,NA,NA,NA,NA,NA,NA,NA,NA,NA,NA,NA,NA,NA,NA
1846,NA,NA,NA,NA,NA,NA,NA,NA,NA,NA,NA,NA,NA,NA,0.483508582726701,NA,NA,NA,NA,NA,NA,NA,NA,NA,NA,NA,NA,NA,NA,NA,NA,NA,NA,NA,NA,NA,NA,NA,NA,NA,NA,NA,NA,NA,NA,NA,NA,NA,NA,NA,NA,NA,NA,NA,NA,NA,NA,NA,NA,NA,NA,NA,NA,NA
1847,NA,NA,NA,NA,NA,NA,NA,NA,NA,NA,NA,NA,NA,NA,0.439767649687221,NA,NA,NA,NA,NA,NA,NA,NA,NA,NA,NA,NA,NA,NA,NA,NA,NA,NA,NA,NA,NA,NA,NA,NA,NA,NA,NA,NA,NA,NA,NA,NA,NA,NA,NA,NA,NA,NA,NA,NA,NA,NA,NA,NA,NA,NA,NA,NA,NA
1848,NA,NA,NA,NA,NA,NA,NA,NA,NA,NA,NA,NA,NA,NA,NA,NA,NA,NA,NA,NA,NA,NA,NA,NA,NA,NA,NA,NA,NA,NA,NA,NA,NA,NA,NA,NA,NA,NA,NA,NA,NA,NA,NA,NA,NA,NA,NA,NA,NA,NA,NA,NA,NA,NA,NA,NA,NA,NA,NA,NA,NA,NA,NA,NA
1849,NA,NA,NA,NA,NA,NA,NA,NA,NA,NA,NA,NA,NA,NA,NA,NA,NA,NA,NA,NA,NA,NA,NA,NA,NA,NA,NA,NA,NA,NA,NA,NA,NA,NA,NA,NA,NA,NA,NA,NA,NA,NA,NA,NA,NA,NA,NA,NA,NA,NA,NA,NA,NA,NA,NA,NA,NA,NA,NA,NA,NA,NA,NA,NA
1850,NA,NA,NA,NA,NA,NA,NA,NA,NA,NA,NA,NA,NA,NA,NA,NA,NA,NA,NA,NA,NA,NA,NA,NA,NA,NA,NA,NA,NA,NA,NA,NA,NA,NA,NA,NA,NA,NA,NA,NA,NA,NA,NA,NA,NA,NA,NA,NA,NA,NA,NA,NA,NA,NA,NA,NA,NA,NA,NA,NA,NA,NA,NA,NA
1851,NA,NA,NA,NA,NA,NA,NA,NA,NA,NA,NA,NA,NA,NA,NA,NA,NA,NA,NA,NA,NA,NA,NA,NA,NA,NA,NA,NA,NA,NA,NA,NA,NA,NA,NA,NA,NA,NA,NA,NA,NA,NA,NA,NA,NA,NA,NA,NA,NA,NA,NA,NA,NA,NA,NA,NA,NA,NA,NA,NA,NA,NA,NA,NA
1852,NA,NA,NA,NA,NA,NA,NA,NA,NA,NA,NA,NA,NA,NA,NA,NA,NA,NA,NA,NA,NA,NA,NA,NA,NA,NA,NA,NA,NA,NA,NA,NA,NA,NA,NA,NA,NA,NA,NA,NA,NA,NA,NA,NA,NA,NA,NA,NA,NA,NA,NA,NA,NA,NA,NA,NA,NA,NA,NA,NA,NA,NA,NA,NA
1853,NA,NA,NA,NA,NA,NA,NA,NA,NA,NA,NA,NA,NA,NA,NA,NA,NA,NA,NA,NA,NA,NA,NA,NA,NA,NA,NA,NA,NA,NA,NA,NA,NA,NA,NA,NA,NA,NA,NA,NA,NA,NA,NA,NA,NA,NA,NA,NA,NA,NA,NA,NA,NA,NA,NA,NA,NA,NA,NA,NA,1.3483693995733,NA,NA,NA
1854,NA,NA,NA,NA,NA,NA,NA,NA,NA,NA,NA,NA,NA,NA,NA,NA,NA,NA,NA,NA,NA,NA,NA,NA,NA,NA,NA,NA,NA,NA,NA,NA,NA,NA,NA,NA,NA,NA,NA,NA,NA,NA,NA,NA,NA,NA,NA,NA,NA,NA,NA,NA,NA,NA,NA,NA,NA,NA,NA,NA,1.57886533665835,NA,NA,NA
1855,NA,NA,NA,NA,NA,NA,NA,NA,NA,NA,NA,NA,NA,NA,NA,NA,NA,NA,NA,NA,NA,NA,NA,NA,NA,NA,NA,NA,NA,NA,NA,NA,NA,NA,NA,NA,NA,NA,NA,NA,NA,NA,NA,NA,NA,NA,NA,NA,NA,NA,NA,NA,NA,NA,NA,NA,NA,NA,NA,NA,1.6102520045819,NA,NA,NA
1856,NA,NA,NA,NA,NA,NA,NA,NA,NA,NA,NA,NA,NA,NA,NA,NA,NA,NA,NA,NA,NA,NA,NA,NA,NA,NA,NA,NA,NA,NA,NA,NA,NA,NA,NA,NA,NA,NA,NA,NA,NA,NA,NA,NA,NA,NA,NA,NA,NA,NA,NA,NA,NA,NA,NA,NA,NA,NA,NA,NA,1.6985593911389,NA,NA,NA
1857,NA,NA,NA,NA,NA,NA,NA,NA,NA,NA,NA,NA,NA,NA,NA,NA,NA,NA,NA,NA,NA,NA,NA,NA,NA,NA,NA,NA,NA,NA,NA,NA,NA,NA,NA,NA,NA,NA,NA,NA,NA,NA,NA,NA,NA,NA,NA,NA,NA,NA,NA,NA,NA,NA,NA,NA,NA,NA,NA,NA,1.52966926070039,NA,NA,NA
1858,NA,NA,NA,NA,NA,NA,NA,NA,NA,NA,NA,NA,NA,NA,0.374089283348788,NA,NA,NA,NA,NA,NA,NA,NA,NA,NA,NA,NA,NA,NA,NA,NA,NA,NA,NA,NA,NA,NA,NA,NA,NA,NA,NA,NA,NA,NA,NA,NA,NA,NA,NA,NA,NA,NA,NA,NA,NA,NA,NA,NA,NA,1.43348416289593,NA,NA,NA
1859,NA,NA,NA,NA,NA,NA,NA,NA,NA,NA,NA,NA,NA,NA,0.440366972477064,NA,NA,NA,NA,NA,NA,NA,NA,NA,NA,NA,NA,NA,NA,NA,NA,NA,NA,NA,NA,NA,NA,NA,NA,NA,NA,NA,NA,NA,NA,NA,NA,NA,NA,NA,NA,NA,NA,NA,NA,NA,NA,NA,NA,NA,1.71137751639901,NA,NA,NA
1860,NA,NA,NA,NA,NA,NA,NA,NA,NA,NA,NA,NA,NA,NA,0.376486469113582,NA,NA,NA,NA,NA,NA,NA,NA,NA,NA,NA,NA,NA,NA,NA,NA,NA,NA,NA,NA,NA,NA,NA,NA,NA,NA,NA,NA,NA,NA,NA,NA,NA,NA,NA,NA,NA,NA,NA,NA,NA,NA,NA,NA,NA,1.93867817397229,NA,NA,NA
1861,NA,NA,NA,NA,NA,NA,0.289922480620155,NA,NA,NA,NA,NA,NA,NA,0.417320282621378,NA,NA,NA,NA,NA,NA,NA,NA,NA,NA,NA,NA,NA,NA,NA,NA,NA,NA,NA,NA,NA,NA,NA,NA,NA,NA,NA,NA,NA,NA,NA,NA,NA,NA,NA,NA,NA,NA,NA,NA,NA,NA,NA,NA,NA,1.36967000370782,NA,NA,NA
1862,NA,NA,NA,NA,NA,NA,0.507605633802817,NA,NA,NA,NA,NA,NA,NA,0.340404230023153,NA,NA,NA,NA,NA,NA,NA,NA,NA,NA,NA,NA,NA,NA,NA,NA,NA,NA,NA,NA,NA,NA,NA,NA,NA,NA,NA,NA,NA,NA,NA,NA,NA,NA,NA,NA,NA,NA,NA,NA,NA,NA,NA,0.384958262419969,NA,0.859712773998488,NA,NA,NA
1863,NA,NA,NA,NA,NA,NA,0.61437908496732,NA,NA,NA,NA,NA,NA,NA,NA,NA,NA,0.272230501738698,NA,NA,NA,NA,NA,NA,NA,NA,NA,NA,NA,NA,NA,NA,NA,NA,NA,NA,NA,NA,NA,NA,NA,NA,NA,NA,NA,NA,NA,NA,NA,NA,NA,NA,NA,NA,NA,NA,NA,NA,0.421529702599446,NA,0.572485399091499,NA,NA,NA
1864,NA,NA,NA,NA,NA,NA,0.311936339522546,NA,NA,NA,NA,NA,NA,NA,NA,NA,NA,0.418359668924003,NA,NA,NA,NA,NA,NA,NA,NA,NA,NA,NA,NA,NA,NA,NA,NA,NA,NA,NA,NA,NA,NA,NA,NA,NA,NA,NA,NA,NA,NA,NA,NA,NA,NA,NA,NA,NA,NA,NA,NA,0.306736870527879,NA,0.527015592892542,NA,NA,NA
1865,NA,NA,NA,NA,NA,NA,NA,NA,NA,NA,NA,NA,NA,NA,NA,NA,NA,0.6288,NA,NA,NA,NA,NA,NA,NA,NA,NA,NA,NA,NA,NA,NA,NA,NA,NA,NA,NA,NA,NA,NA,NA,NA,NA,NA,NA,NA,NA,NA,NA,NA,NA,NA,NA,NA,NA,NA,NA,NA,0.277020948464208,NA,0.381897970378497,NA,NA,NA
1866,NA,NA,NA,NA,NA,NA,NA,NA,NA,NA,NA,NA,NA,NA,NA,NA,NA,0.827821809237496,NA,NA,NA,NA,NA,NA,NA,NA,NA,NA,NA,NA,NA,NA,NA,NA,NA,NA,NA,NA,NA,NA,NA,NA,NA,NA,NA,NA,NA,NA,NA,NA,NA,NA,NA,NA,NA,NA,NA,NA,0.26357480516162,NA,0.27165592264303,NA,NA,NA
1867,NA,NA,NA,NA,NA,NA,NA,NA,NA,NA,NA,NA,NA,NA,NA,NA,NA,1.20684695051784,NA,NA,NA,NA,NA,NA,NA,NA,NA,NA,NA,NA,NA,NA,NA,0.344567316131297,NA,NA,NA,NA,NA,NA,NA,NA,NA,NA,NA,NA,NA,NA,NA,NA,NA,NA,NA,NA,NA,NA,NA,NA,NA,NA,0.253220534512594,NA,NA,NA
1868,NA,NA,NA,NA,NA,NA,NA,NA,NA,NA,NA,NA,NA,NA,NA,NA,NA,1.67006293077615,NA,NA,NA,NA,NA,NA,NA,NA,NA,NA,NA,NA,NA,NA,NA,0.440760774733903,NA,NA,NA,NA,NA,NA,NA,NA,NA,NA,NA,NA,NA,NA,NA,NA,NA,NA,NA,NA,NA,NA,NA,NA,NA,NA,NA,NA,NA,NA
1869,NA,NA,NA,NA,NA,NA,NA,NA,NA,NA,NA,NA,NA,NA,NA,NA,NA,1.35604900459418,0.308137664844001,NA,NA,NA,NA,NA,NA,NA,NA,NA,NA,NA,NA,NA,NA,0.560729461756374,NA,NA,NA,NA,NA,NA,NA,NA,NA,NA,NA,NA,NA,NA,NA,NA,NA,NA,NA,NA,NA,NA,NA,NA,NA,NA,NA,NA,NA,NA
1870,NA,NA,NA,NA,NA,NA,NA,NA,NA,NA,NA,NA,NA,NA,NA,NA,NA,1.40112031173892,0.433696348494555,NA,NA,NA,NA,NA,NA,NA,NA,NA,NA,NA,NA,NA,NA,0.653523639607493,NA,NA,NA,NA,NA,NA,NA,NA,NA,NA,NA,NA,NA,NA,NA,NA,NA,NA,NA,NA,NA,NA,NA,NA,NA,NA,NA,NA,NA,NA
1871,NA,NA,NA,NA,NA,NA,NA,NA,NA,NA,NA,NA,NA,NA,NA,NA,0.272577092511013,1.38748874887489,0.797372060857538,NA,NA,NA,NA,NA,NA,NA,NA,NA,NA,NA,NA,NA,NA,0.881314090391189,NA,NA,NA,NA,NA,NA,NA,NA,NA,NA,NA,NA,NA,NA,NA,NA,NA,NA,NA,NA,NA,NA,NA,NA,NA,NA,NA,NA,NA,NA
1872,NA,NA,NA,NA,NA,NA,NA,NA,NA,NA,NA,NA,NA,NA,NA,NA,NA,1.46731664081542,1.10079767947788,NA,NA,NA,NA,NA,NA,NA,NA,NA,NA,NA,NA,NA,NA,1.22183932802068,NA,NA,NA,NA,NA,NA,NA,NA,NA,NA,NA,NA,NA,NA,NA,NA,NA,NA,NA,NA,NA,NA,NA,NA,NA,NA,NA,NA,NA,NA
1873,NA,NA,NA,NA,NA,NA,NA,NA,NA,NA,NA,NA,NA,NA,0.297322074788902,NA,NA,1.16595080046857,1.81688417618271,NA,NA,NA,NA,NA,NA,NA,NA,NA,NA,NA,NA,NA,NA,0.8458591754834,NA,NA,NA,NA,NA,NA,NA,NA,NA,NA,NA,NA,NA,NA,NA,NA,NA,NA,NA,NA,NA,NA,NA,NA,NA,NA,NA,NA,NA,NA
1874,NA,NA,NA,NA,NA,NA,0.543469470279013,NA,NA,NA,NA,NA,NA,NA,0.358998373342535,NA,NA,0.881520778072502,2.22840531561462,NA,NA,NA,NA,NA,NA,NA,NA,NA,NA,NA,NA,NA,NA,0.588272887042659,NA,NA,NA,NA,NA,NA,NA,NA,NA,NA,NA,NA,NA,NA,NA,NA,NA,NA,NA,NA,NA,NA,NA,NA,NA,NA,NA,NA,NA,NA
1875,NA,NA,NA,NA,NA,NA,0.660242982823628,NA,NA,NA,NA,NA,NA,NA,0.45359235275979,NA,NA,0.754092992796332,2.79561717352415,NA,NA,NA,NA,NA,NA,NA,NA,NA,NA,NA,NA,NA,NA,0.465815067498911,NA,NA,NA,NA,NA,NA,NA,NA,NA,NA,NA,NA,NA,NA,NA,NA,NA,NA,NA,NA,NA,NA,NA,NA,NA,NA,NA,NA,NA,NA
1876,NA,NA,NA,NA,NA,NA,0.886948529411764,NA,NA,NA,NA,NA,NA,NA,0.378193453113463,NA,0.254732806134675,0.557864832535885,2.71173469387755,NA,NA,NA,NA,NA,NA,NA,NA,NA,NA,NA,NA,NA,NA,0.420615128844555,NA,NA,NA,NA,NA,NA,NA,NA,NA,NA,NA,NA,0.3420780441937,NA,NA,NA,NA,NA,NA,NA,NA,NA,NA,NA,NA,NA,NA,NA,NA,NA
1877,NA,NA,NA,NA,NA,NA,0.950420954162769,NA,NA,NA,NA,NA,NA,NA,0.274483550114767,NA,0.332431102362205,NA,2.07905138339921,NA,NA,NA,NA,NA,NA,NA,NA,NA,NA,NA,NA,NA,NA,0.331070496083551,NA,NA,NA,NA,NA,NA,NA,NA,NA,NA,NA,NA,0.43291020216267,NA,NA,NA,NA,NA,NA,NA,NA,NA,NA,NA,NA,NA,NA,NA,NA,NA
1878,NA,NA,NA,NA,NA,NA,0.955087076076993,NA,NA,NA,NA,NA,NA,NA,NA,NA,0.290291496025054,NA,1.40977550440466,NA,NA,NA,NA,NA,NA,NA,NA,NA,NA,NA,NA,NA,NA,NA,NA,NA,NA,NA,NA,NA,NA,NA,NA,NA,NA,NA,0.50820767322008,NA,NA,NA,NA,NA,NA,NA,NA,NA,NA,NA,NA,NA,NA,NA,NA,NA
1879,NA,NA,NA,NA,NA,NA,1.20617529880478,NA,NA,NA,NA,NA,NA,NA,NA,NA,0.343538209862117,NA,1.21145807720679,NA,NA,NA,NA,NA,NA,NA,NA,NA,NA,NA,NA,NA,NA,NA,NA,NA,NA,NA,NA,NA,NA,NA,NA,NA,NA,NA,0.477888336097291,NA,NA,NA,NA,NA,NA,NA,NA,NA,NA,NA,NA,NA,NA,NA,NA,NA
1880,NA,NA,NA,NA,NA,NA,1.06360745115856,NA,NA,NA,NA,NA,NA,NA,NA,NA,0.289013452914798,NA,1.0017873100983,NA,NA,NA,NA,NA,NA,NA,NA,NA,NA,NA,NA,NA,NA,NA,NA,NA,NA,NA,NA,NA,NA,NA,NA,NA,NA,NA,0.523805130097804,NA,NA,NA,NA,NA,NA,NA,NA,NA,NA,NA,NA,NA,NA,NA,NA,NA
1881,NA,NA,NA,NA,NA,NA,0.600705329153605,NA,NA,NA,NA,NA,NA,NA,NA,NA,NA,NA,0.699499807618315,NA,NA,NA,NA,NA,NA,NA,NA,NA,NA,NA,NA,NA,NA,NA,NA,NA,NA,NA,NA,NA,NA,NA,NA,NA,NA,NA,0.629643527204503,NA,NA,NA,NA,NA,NA,NA,NA,NA,NA,NA,NA,NA,NA,NA,NA,NA
1882,NA,NA,NA,NA,NA,NA,0.289617486338798,NA,NA,NA,NA,NA,NA,NA,NA,NA,NA,NA,0.486882982395582,NA,NA,NA,NA,NA,NA,NA,NA,NA,NA,NA,NA,NA,NA,NA,NA,NA,NA,NA,NA,NA,NA,NA,NA,NA,NA,NA,0.667874396135266,NA,NA,NA,NA,NA,NA,NA,NA,NA,NA,NA,NA,NA,NA,NA,NA,NA
1883,NA,NA,NA,NA,NA,NA,NA,NA,NA,NA,NA,NA,NA,NA,NA,NA,NA,NA,NA,NA,NA,NA,NA,NA,NA,NA,NA,NA,NA,NA,NA,NA,NA,NA,NA,NA,NA,NA,NA,NA,NA,NA,NA,NA,NA,NA,0.551096181046676,NA,NA,NA,NA,NA,NA,NA,NA,NA,NA,NA,0.420725583730856,NA,NA,NA,NA,NA
1884,NA,NA,NA,NA,NA,NA,NA,NA,NA,NA,NA,NA,NA,NA,NA,NA,0.335576491700314,NA,NA,NA,NA,NA,NA,NA,NA,NA,NA,NA,NA,NA,NA,NA,NA,NA,NA,NA,NA,NA,NA,NA,NA,NA,NA,NA,NA,NA,0.471844660194175,NA,NA,NA,NA,NA,NA,NA,NA,NA,NA,NA,0.484049564988136,NA,NA,NA,NA,NA
1885,NA,NA,NA,NA,NA,NA,NA,NA,NA,NA,NA,NA,NA,NA,NA,NA,NA,NA,NA,NA,NA,NA,NA,NA,NA,NA,NA,NA,NA,NA,NA,NA,NA,NA,NA,NA,NA,NA,NA,NA,NA,NA,NA,NA,NA,NA,0.35901652180722,NA,NA,NA,NA,NA,NA,NA,NA,NA,NA,NA,0.36303735926305,NA,NA,NA,NA,NA
1886,NA,NA,NA,NA,NA,NA,NA,NA,NA,NA,NA,NA,NA,NA,NA,NA,NA,NA,NA,NA,NA,NA,NA,NA,NA,NA,NA,NA,NA,NA,NA,NA,NA,NA,NA,NA,NA,NA,NA,NA,NA,NA,NA,NA,NA,NA,NA,NA,NA,NA,NA,NA,NA,NA,NA,NA,NA,NA,NA,NA,NA,NA,NA,NA
1887,NA,NA,NA,NA,NA,NA,NA,NA,NA,NA,NA,0.392907303370786,NA,NA,NA,NA,NA,NA,NA,NA,NA,NA,NA,NA,NA,NA,NA,NA,NA,NA,NA,NA,NA,NA,NA,NA,NA,NA,NA,NA,NA,NA,NA,NA,NA,NA,NA,NA,NA,NA,NA,NA,NA,NA,NA,NA,NA,NA,NA,NA,NA,NA,NA,NA
1888,NA,NA,NA,NA,NA,NA,NA,NA,NA,NA,NA,0.304828973843058,NA,NA,NA,NA,0.292195668409261,NA,NA,NA,NA,NA,NA,NA,NA,NA,NA,NA,NA,NA,NA,NA,NA,NA,NA,NA,NA,NA,NA,NA,NA,NA,NA,NA,NA,NA,NA,NA,NA,NA,NA,NA,NA,NA,NA,NA,NA,NA,NA,NA,NA,NA,NA,NA
1889,NA,NA,NA,NA,NA,NA,NA,NA,NA,NA,NA,NA,NA,NA,NA,NA,0.251522003826753,NA,NA,NA,NA,NA,NA,NA,NA,NA,NA,NA,NA,NA,NA,NA,NA,NA,NA,NA,NA,NA,NA,NA,NA,NA,NA,NA,NA,NA,NA,NA,NA,NA,NA,NA,NA,NA,NA,NA,NA,NA,NA,NA,NA,NA,NA,NA
1890,NA,NA,NA,NA,NA,NA,NA,NA,NA,NA,NA,NA,NA,NA,NA,NA,0.285788832840494,NA,NA,NA,NA,NA,NA,NA,NA,NA,NA,NA,NA,NA,NA,NA,NA,NA,NA,NA,NA,NA,NA,NA,NA,NA,NA,NA,NA,NA,NA,NA,NA,NA,NA,NA,NA,NA,NA,NA,NA,NA,NA,NA,NA,NA,NA,NA
1891,NA,NA,NA,NA,NA,NA,0.267564259485924,NA,NA,NA,NA,NA,NA,NA,NA,NA,0.376547576936682,NA,NA,NA,NA,NA,NA,NA,NA,NA,NA,NA,NA,NA,NA,NA,NA,NA,NA,NA,NA,NA,NA,NA,NA,NA,NA,NA,NA,NA,NA,NA,NA,NA,NA,NA,NA,NA,NA,NA,NA,NA,NA,NA,NA,NA,NA,NA
1892,NA,NA,NA,NA,NA,NA,0.547669491525424,NA,NA,NA,NA,NA,NA,NA,NA,NA,0.466955579631636,0.640052601916213,NA,NA,NA,NA,NA,NA,NA,NA,NA,NA,NA,NA,NA,NA,NA,NA,NA,NA,NA,NA,NA,NA,NA,NA,NA,NA,NA,NA,NA,NA,NA,NA,NA,NA,NA,NA,NA,NA,NA,NA,NA,NA,NA,NA,NA,NA
1893,NA,NA,NA,NA,NA,NA,0.852747909199522,NA,NA,NA,NA,NA,NA,NA,NA,NA,0.495029821073558,1.08459152016546,NA,NA,NA,NA,NA,NA,NA,NA,NA,NA,NA,NA,NA,NA,NA,NA,NA,NA,NA,NA,NA,NA,NA,NA,NA,NA,NA,NA,NA,NA,NA,NA,NA,NA,NA,NA,NA,NA,NA,NA,NA,NA,NA,NA,NA,NA
1894,NA,NA,NA,NA,NA,NA,0.942857142857143,NA,NA,NA,NA,NA,NA,NA,NA,NA,0.327846825663419,1.4898979379296,NA,NA,NA,NA,NA,NA,NA,NA,NA,NA,NA,NA,NA,NA,NA,NA,NA,NA,NA,NA,NA,NA,NA,NA,NA,NA,NA,NA,NA,NA,NA,NA,NA,NA,NA,NA,NA,NA,NA,NA,NA,NA,NA,NA,NA,NA
1895,NA,NA,NA,NA,NA,NA,0.771454112038141,NA,NA,NA,NA,NA,NA,NA,NA,NA,0.30715621281659,2.18070902394107,NA,NA,NA,NA,NA,NA,NA,NA,NA,NA,NA,NA,NA,NA,NA,0.271392351574055,NA,NA,NA,NA,NA,NA,NA,NA,NA,NA,NA,NA,NA,NA,NA,NA,NA,NA,NA,NA,NA,NA,NA,NA,NA,NA,NA,NA,NA,NA
1896,NA,NA,NA,0.316740758072064,NA,NA,0.258955223880597,NA,NA,NA,NA,NA,NA,NA,NA,NA,NA,2.32792061344159,NA,NA,NA,NA,NA,NA,NA,NA,NA,NA,NA,NA,NA,NA,NA,0.379887054735013,NA,NA,NA,NA,NA,NA,NA,NA,NA,NA,NA,NA,NA,NA,NA,NA,NA,NA,NA,NA,NA,NA,NA,NA,NA,NA,NA,NA,NA,NA
1897,NA,NA,NA,0.449755201958384,NA,NA,NA,NA,NA,NA,NA,NA,NA,NA,NA,NA,NA,1.93653312177707,NA,NA,NA,NA,NA,NA,NA,NA,NA,NA,NA,NA,NA,NA,NA,NA,NA,NA,NA,NA,NA,NA,NA,NA,NA,NA,NA,NA,NA,NA,NA,NA,NA,NA,NA,NA,NA,NA,NA,NA,NA,NA,NA,NA,NA,NA
1898,NA,NA,NA,0.659458051068265,NA,NA,NA,NA,NA,NA,NA,0.325109226419943,NA,NA,NA,NA,NA,1.79084135925859,0.606522205535293,NA,NA,NA,NA,NA,NA,NA,NA,NA,NA,NA,NA,NA,NA,NA,NA,NA,NA,NA,NA,NA,NA,NA,NA,NA,NA,NA,NA,NA,NA,NA,NA,NA,NA,NA,NA,NA,NA,NA,0.379314165420198,NA,NA,NA,NA,NA
1899,NA,NA,NA,1.08967674661105,NA,NA,NA,NA,NA,NA,NA,0.595676541232986,NA,NA,NA,NA,NA,1.63963655066004,1.49911660777385,NA,NA,NA,NA,NA,NA,NA,NA,NA,NA,NA,NA,NA,NA,NA,NA,NA,NA,NA,NA,NA,NA,NA,NA,NA,NA,NA,NA,NA,NA,NA,NA,NA,NA,NA,NA,NA,NA,NA,0.404604895495697,NA,NA,NA,NA,NA
1900,NA,NA,NA,1.35817988668555,NA,NA,NA,NA,NA,NA,NA,0.934329199549042,NA,NA,NA,0.390820584144645,NA,1.48332015810277,2.2505846976278,NA,NA,NA,NA,NA,NA,NA,NA,NA,NA,NA,NA,NA,NA,NA,NA,NA,NA,NA,NA,NA,NA,NA,NA,NA,NA,NA,NA,NA,NA,NA,NA,NA,NA,NA,0.299090088212822,NA,NA,NA,0.521700356718193,NA,NA,NA,NA,NA
1901,NA,NA,NA,1.6497341996456,NA,NA,NA,NA,NA,NA,NA,1.16160424653495,NA,NA,NA,0.560187118870604,NA,1.32606541129832,3.58719931271478,NA,NA,NA,NA,NA,NA,NA,NA,NA,NA,NA,NA,NA,NA,NA,NA,NA,NA,NA,NA,NA,NA,NA,NA,NA,NA,NA,NA,NA,NA,NA,NA,NA,NA,NA,0.500302984396304,NA,NA,NA,0.666038091646238,NA,0.267193155643304,NA,NA,NA
1902,NA,NA,NA,1.12036575228595,NA,NA,NA,NA,NA,NA,NA,1.39182134570766,NA,NA,NA,0.460269144504966,NA,0.808247422680412,5.35605663345569,NA,NA,NA,NA,NA,NA,NA,NA,NA,NA,NA,NA,NA,NA,NA,NA,NA,NA,NA,NA,NA,NA,NA,NA,NA,NA,NA,NA,NA,NA,NA,NA,NA,NA,NA,0.485908575746128,NA,NA,NA,0.765428151179894,NA,0.299270904534062,NA,NA,NA
1903,NA,NA,NA,0.87995013200352,NA,NA,NA,NA,NA,NA,NA,1.70368171021378,NA,NA,NA,0.353790340866148,NA,0.545788272646096,7.246126340882,NA,NA,NA,NA,NA,NA,NA,NA,NA,NA,NA,NA,NA,NA,NA,NA,NA,NA,NA,NA,NA,NA,NA,NA,NA,NA,NA,NA,NA,NA,NA,NA,NA,NA,NA,0.386335221004633,NA,NA,NA,0.779875807882398,NA,0.253519565458375,NA,NA,NA
1904,NA,NA,NA,0.349625587740175,NA,NA,NA,NA,NA,NA,NA,2.12610340479193,NA,NA,NA,NA,NA,NA,5.65589950650516,NA,NA,NA,NA,NA,NA,NA,NA,NA,NA,NA,NA,NA,NA,NA,NA,NA,NA,NA,NA,NA,NA,NA,NA,NA,NA,NA,NA,NA,NA,NA,NA,NA,NA,NA,0.317340791738382,NA,NA,NA,0.656957736432266,NA,NA,NA,NA,NA
1905,NA,NA,NA,NA,NA,NA,NA,NA,NA,NA,NA,2.29837970039743,NA,0.449134655972984,NA,NA,NA,NA,4.229657555765,NA,NA,NA,NA,NA,NA,NA,NA,NA,NA,NA,NA,NA,NA,NA,NA,NA,NA,NA,NA,NA,NA,NA,NA,NA,NA,NA,NA,NA,NA,NA,NA,NA,NA,NA,NA,NA,NA,NA,0.49433880491901,NA,NA,NA,NA,NA
1906,NA,NA,NA,NA,NA,NA,NA,NA,NA,NA,NA,2.01060935799782,NA,0.873474920921825,NA,NA,NA,NA,2.83413672217353,NA,NA,NA,NA,NA,NA,NA,NA,NA,NA,NA,NA,NA,NA,NA,NA,NA,NA,NA,NA,NA,NA,NA,NA,NA,NA,NA,NA,NA,NA,NA,NA,NA,NA,NA,NA,NA,NA,NA,NA,NA,NA,NA,NA,NA
1907,NA,NA,NA,NA,NA,NA,NA,NA,NA,NA,NA,1.70599520383693,NA,1.42182172430589,NA,NA,0.576189713186989,NA,2.01641791044776,NA,NA,NA,NA,NA,NA,NA,NA,NA,NA,NA,NA,NA,NA,NA,NA,NA,NA,NA,NA,NA,NA,NA,NA,NA,NA,NA,NA,NA,NA,NA,NA,NA,NA,NA,NA,NA,NA,NA,NA,NA,NA,NA,NA,NA
1908,NA,NA,NA,NA,NA,NA,NA,NA,NA,NA,NA,1.17397207137316,NA,1.87693846923462,NA,NA,1.09988229359341,NA,1.43696581196581,NA,NA,NA,NA,NA,NA,NA,NA,NA,NA,NA,NA,NA,NA,NA,NA,NA,NA,NA,NA,NA,NA,NA,NA,NA,NA,NA,NA,NA,NA,NA,NA,NA,NA,NA,NA,NA,NA,NA,NA,NA,NA,NA,NA,NA
1909,NA,NA,NA,NA,NA,NA,NA,NA,NA,NA,NA,0.844790098678709,NA,2.15498519249753,NA,NA,1.76897689768977,NA,1.20937905031224,NA,NA,NA,NA,NA,NA,NA,NA,NA,NA,NA,NA,NA,NA,NA,NA,NA,NA,NA,NA,NA,NA,NA,NA,NA,NA,NA,NA,NA,NA,NA,NA,NA,NA,NA,NA,NA,NA,NA,NA,NA,NA,NA,NA,NA
1910,NA,NA,NA,NA,NA,NA,NA,NA,NA,NA,NA,0.556170770799942,NA,2.60914454277286,NA,NA,2.24282433983927,NA,1.04039469626889,NA,NA,NA,NA,NA,NA,NA,NA,NA,NA,NA,NA,NA,NA,NA,NA,NA,NA,NA,NA,NA,NA,NA,NA,NA,NA,NA,NA,NA,NA,NA,NA,NA,NA,NA,NA,NA,NA,NA,NA,NA,NA,NA,NA,NA
1911,NA,NA,NA,NA,NA,NA,NA,NA,NA,NA,NA,0.449522510231924,NA,2.74079254079254,NA,NA,3.13537387017256,NA,0.905328214252271,NA,NA,NA,NA,NA,NA,NA,NA,NA,NA,NA,NA,NA,NA,NA,NA,NA,NA,NA,NA,NA,NA,NA,NA,NA,NA,NA,NA,NA,NA,NA,NA,NA,NA,NA,NA,NA,NA,NA,NA,NA,NA,NA,NA,NA
1912,NA,NA,NA,NA,NA,NA,NA,NA,NA,0.267601552992988,NA,NA,NA,2.85481798715203,NA,NA,3.82428512225445,NA,0.800759013282733,NA,NA,NA,NA,NA,NA,NA,NA,NA,NA,NA,NA,NA,NA,NA,NA,NA,NA,NA,NA,NA,NA,NA,NA,NA,NA,NA,NA,NA,NA,NA,NA,NA,NA,NA,NA,NA,NA,NA,NA,NA,NA,NA,NA,NA
1913,NA,NA,NA,NA,NA,NA,0.382098926982465,0.389632107023411,NA,0.538777104903301,NA,NA,NA,2.65860215053763,NA,NA,4.10445986124876,NA,0.615234516152345,NA,NA,NA,NA,NA,NA,NA,NA,NA,NA,NA,NA,NA,NA,NA,NA,NA,NA,NA,NA,NA,NA,NA,NA,NA,NA,NA,NA,NA,NA,NA,NA,NA,NA,NA,NA,NA,NA,NA,NA,NA,NA,NA,NA,NA
1914,NA,NA,NA,NA,NA,NA,0.841369472182596,0.601853534435762,NA,0.788402485181747,NA,NA,NA,2.33679973163368,NA,NA,4.71875656374711,0.26588379038827,0.562146131032623,NA,NA,NA,NA,NA,NA,NA,NA,NA,NA,NA,NA,NA,NA,NA,NA,NA,NA,NA,NA,NA,NA,NA,NA,NA,NA,NA,NA,NA,NA,NA,NA,NA,NA,NA,NA,NA,NA,NA,NA,NA,NA,NA,NA,NA
1915,NA,NA,NA,NA,NA,NA,1.15271075787681,0.60921912624699,NA,1.09008657671008,NA,NA,NA,1.90066996795805,NA,NA,3.95229587278899,0.250137589433131,0.363450678841764,NA,NA,NA,NA,NA,NA,NA,NA,NA,NA,NA,NA,NA,NA,NA,NA,NA,NA,NA,NA,NA,NA,NA,NA,NA,NA,NA,NA,NA,NA,NA,NA,NA,NA,NA,NA,NA,NA,NA,NA,NA,NA,NA,NA,NA
1916,NA,NA,NA,NA,NA,NA,1.37951973502622,0.630310282930165,NA,1.25905061718168,NA,NA,NA,1.37168355041003,NA,NA,2.67320438252401,NA,0.265843762500714,NA,NA,NA,NA,NA,NA,NA,NA,NA,NA,NA,NA,NA,NA,NA,NA,NA,NA,NA,NA,NA,NA,NA,NA,NA,NA,NA,NA,NA,NA,NA,NA,NA,NA,NA,NA,NA,NA,NA,NA,NA,NA,NA,NA,NA
1917,NA,NA,NA,NA,NA,NA,1.56627430910952,0.706863157894737,NA,1.0851096575606,NA,NA,NA,0.935639581657281,NA,NA,1.59337196299685,NA,NA,NA,NA,NA,NA,NA,NA,NA,1.02126195028681,NA,NA,NA,NA,NA,NA,NA,NA,NA,NA,NA,NA,NA,NA,NA,0.419726975581619,NA,NA,NA,NA,NA,NA,NA,NA,NA,NA,NA,NA,NA,NA,NA,NA,NA,NA,NA,NA,NA
1918,NA,NA,NA,NA,NA,NA,1.91722428748451,0.843545508625818,NA,0.81780126269558,NA,NA,NA,0.625978090766823,NA,NA,0.877962844330558,NA,NA,NA,NA,NA,NA,NA,NA,NA,0.576678445229682,NA,NA,NA,NA,NA,NA,NA,NA,NA,NA,NA,NA,NA,NA,NA,1.05855421686747,NA,NA,NA,NA,NA,NA,NA,NA,NA,NA,NA,NA,NA,NA,NA,NA,NA,NA,NA,NA,NA
1919,NA,NA,NA,NA,NA,NA,2.17508105604447,0.727187573179299,NA,0.497861724875267,NA,NA,NA,0.441958698372966,NA,NA,0.413653820686002,NA,NA,NA,NA,NA,NA,NA,NA,NA,0.283950617283951,NA,NA,NA,NA,NA,NA,NA,NA,NA,NA,NA,NA,NA,NA,NA,1.50964546402503,NA,NA,NA,NA,NA,NA,NA,NA,NA,NA,NA,NA,NA,NA,NA,NA,NA,NA,NA,NA,NA
1920,NA,NA,NA,NA,NA,NA,2.6681654676259,0.641527481421529,NA,0.308086742869351,NA,NA,NA,NA,NA,NA,NA,NA,NA,NA,NA,NA,NA,NA,NA,NA,NA,NA,NA,NA,0.348870784778798,NA,NA,NA,NA,NA,NA,NA,NA,NA,NA,NA,2.07167934464599,NA,NA,NA,NA,NA,NA,NA,NA,NA,NA,NA,NA,NA,NA,NA,NA,NA,NA,NA,NA,NA
1921,NA,NA,NA,NA,NA,NA,3.14522459659834,0.57004662815784,NA,NA,NA,NA,NA,NA,NA,NA,NA,NA,NA,NA,NA,NA,NA,NA,NA,NA,NA,NA,NA,NA,0.596353042727665,NA,NA,NA,NA,NA,NA,NA,NA,NA,NA,NA,2.59036523929471,NA,NA,NA,NA,NA,NA,NA,NA,NA,NA,NA,NA,NA,NA,NA,NA,NA,NA,NA,NA,NA
1922,NA,NA,NA,NA,NA,NA,3.57321997874601,0.435112052912092,NA,NA,NA,NA,NA,NA,NA,0.250018646975461,NA,NA,NA,NA,NA,NA,NA,NA,NA,NA,NA,NA,NA,NA,0.987811955890888,NA,NA,NA,NA,NA,NA,NA,NA,NA,NA,NA,3.19581993569132,NA,NA,NA,NA,NA,NA,NA,NA,NA,NA,NA,NA,NA,NA,NA,NA,NA,NA,NA,NA,NA
1923,NA,NA,NA,NA,NA,NA,3.37114182919901,0.328098676293622,NA,NA,NA,NA,NA,NA,NA,0.365475070555033,NA,NA,NA,NA,NA,NA,NA,NA,NA,NA,NA,NA,NA,NA,1.39143656489478,NA,NA,NA,NA,NA,NA,NA,NA,NA,NA,NA,3.05774058577406,NA,NA,NA,NA,NA,NA,NA,NA,NA,NA,NA,NA,NA,NA,NA,NA,0.414120287711065,NA,NA,NA,NA
1924,NA,NA,NA,NA,NA,NA,2.83033777502324,0.276800907543959,NA,NA,NA,NA,NA,0.257162963707651,NA,0.384103336239005,NA,NA,NA,NA,NA,NA,NA,NA,NA,NA,NA,NA,NA,NA,1.61037018571607,NA,NA,NA,NA,NA,NA,NA,NA,NA,NA,NA,3.16327057002837,NA,NA,NA,NA,NA,NA,NA,NA,NA,NA,NA,NA,NA,NA,NA,NA,0.253847986657136,NA,NA,NA,NA
1925,NA,NA,NA,NA,NA,NA,2.56487341772152,NA,NA,NA,NA,NA,NA,0.511247238401285,NA,0.294068249484693,NA,NA,NA,NA,NA,NA,NA,NA,NA,NA,NA,NA,NA,NA,1.94952268863607,NA,NA,0.28879741906775,NA,NA,NA,NA,NA,NA,NA,NA,2.63367413530563,NA,NA,NA,NA,NA,NA,NA,NA,NA,NA,NA,NA,NA,NA,NA,NA,NA,0.254164296741692,NA,NA,NA
1926,NA,NA,NA,NA,NA,NA,2.33824382322236,NA,NA,NA,NA,NA,NA,0.607444320146446,NA,0.280633018360605,NA,0.323129052988257,NA,NA,NA,NA,NA,NA,NA,NA,NA,NA,NA,NA,1.83943193449335,NA,NA,0.357997444534789,NA,NA,NA,NA,NA,NA,NA,NA,1.68471921346442,NA,NA,NA,NA,NA,NA,NA,NA,NA,NA,NA,NA,NA,NA,NA,NA,NA,0.273899294575529,NA,NA,NA
1927,NA,NA,NA,NA,NA,NA,2.06630770764782,NA,NA,NA,NA,NA,NA,0.976932668329177,NA,0.255396226415094,NA,0.528983308042489,NA,NA,NA,NA,NA,NA,NA,NA,NA,NA,NA,NA,1.4017422785383,NA,NA,0.357085299873374,NA,NA,NA,NA,NA,NA,NA,NA,1.1965059588299,NA,NA,NA,NA,NA,NA,NA,NA,NA,NA,NA,NA,NA,NA,NA,NA,NA,0.366273798730734,NA,0.265792511957776,NA
1928,NA,NA,NA,NA,NA,NA,1.6789567581344,NA,NA,NA,0.58780487804878,NA,NA,1.38006630306919,NA,NA,NA,0.777896255409898,NA,NA,NA,NA,NA,NA,NA,NA,0.330508129253087,NA,NA,NA,1.04317189360857,NA,NA,0.361572348356489,NA,NA,NA,NA,NA,NA,NA,NA,0.969682781224394,NA,NA,NA,NA,NA,NA,NA,NA,NA,NA,NA,NA,NA,NA,NA,NA,NA,0.341416566626651,NA,0.260247855100095,NA
1929,NA,NA,NA,NA,NA,NA,1.3872355944566,NA,NA,NA,0.558408888423039,NA,NA,1.7296300314636,NA,NA,NA,0.93359724173158,NA,NA,NA,NA,NA,NA,NA,NA,0.437563537783802,NA,NA,NA,0.622542046690653,NA,NA,0.298889837745517,NA,NA,NA,NA,NA,NA,NA,NA,0.938610158928015,NA,NA,NA,NA,NA,NA,NA,NA,NA,NA,NA,NA,NA,NA,NA,NA,NA,0.305301223359237,0.334942084942085,NA,NA
1930,NA,NA,NA,NA,NA,NA,1.03775435155675,NA,NA,NA,0.608540557307553,NA,NA,2.17068851007306,NA,NA,NA,1.11191927134526,NA,NA,NA,NA,NA,NA,NA,NA,0.543205559683553,NA,NA,NA,0.446941896024465,NA,NA,0.273895915405349,NA,NA,NA,NA,NA,NA,NA,NA,0.982855510048576,NA,NA,NA,NA,NA,NA,NA,NA,NA,NA,NA,NA,NA,NA,NA,NA,NA,0.265544232757347,0.458010835913312,NA,NA
1931,NA,NA,NA,NA,NA,NA,0.717464492372435,NA,NA,NA,0.452852652633584,NA,NA,2.28068268290032,NA,NA,0.299057457798605,0.87346357104685,NA,NA,NA,NA,NA,NA,NA,NA,0.418444344740384,NA,NA,NA,NA,NA,NA,NA,NA,NA,NA,NA,NA,NA,NA,NA,0.925721301411909,NA,NA,NA,NA,NA,NA,NA,NA,NA,NA,NA,NA,NA,NA,NA,NA,NA,NA,0.588722397476341,NA,NA
1932,NA,0.296859338456398,NA,NA,NA,NA,0.538411488590417,NA,NA,NA,0.397754718668933,NA,NA,2.25518457071754,NA,NA,0.459920075223319,0.839363323361743,NA,NA,NA,NA,NA,NA,NA,NA,0.395401120138834,NA,NA,NA,NA,NA,NA,NA,NA,NA,NA,NA,NA,NA,NA,NA,0.737221243007127,NA,NA,NA,NA,NA,NA,NA,NA,NA,NA,NA,NA,NA,NA,NA,NA,NA,0.254965488096915,0.780045351473923,NA,NA
1933,NA,0.407705479452055,NA,0.342952765849962,NA,NA,0.4725350892393,NA,NA,NA,NA,NA,NA,1.6816112084063,NA,NA,0.622376300031516,0.806420233463035,NA,NA,NA,NA,NA,NA,NA,NA,0.468741193993801,NA,NA,NA,NA,NA,NA,NA,NA,NA,NA,NA,NA,NA,NA,0.27181148955655,0.590293531312298,NA,NA,NA,NA,NA,NA,NA,NA,NA,NA,NA,NA,NA,NA,NA,NA,NA,0.303413041935713,0.915954118873827,NA,NA
1934,NA,0.529329364384521,NA,0.502019198940748,NA,NA,0.359613284252255,NA,NA,NA,NA,NA,NA,1.49548180727709,NA,NA,0.665835100411625,0.776188016528926,NA,NA,NA,NA,NA,NA,NA,NA,0.37537727763908,NA,NA,NA,NA,NA,NA,0.274552557463432,NA,NA,NA,NA,NA,NA,NA,0.339338378993,0.45920327117279,NA,NA,0.366651792354604,NA,NA,NA,NA,NA,NA,NA,NA,NA,NA,NA,NA,NA,NA,NA,0.92089925062448,NA,NA
1935,NA,0.749905553456744,NA,0.495886889460154,NA,NA,NA,NA,NA,NA,NA,NA,NA,1.06804438833145,NA,NA,0.542547521762302,0.612565196775723,NA,NA,NA,NA,NA,NA,NA,NA,0.449489089343863,NA,NA,NA,NA,NA,NA,0.296676737160121,NA,NA,NA,NA,NA,NA,NA,0.335571649557024,0.430316091954023,NA,NA,0.382481588096751,NA,NA,NA,NA,NA,NA,NA,NA,NA,NA,NA,NA,NA,NA,NA,0.739952718676123,NA,NA
1936,NA,0.845301827579842,NA,0.664105005440696,NA,NA,NA,NA,NA,NA,NA,NA,0.348477583313354,1.04852587624953,NA,NA,0.442379182156134,0.519118685976687,NA,NA,NA,NA,NA,NA,NA,NA,0.444748436611711,NA,NA,NA,NA,NA,NA,0.380891283893593,NA,NA,NA,NA,NA,NA,NA,0.346933856695245,0.562410775246726,NA,NA,0.492156247548827,NA,NA,NA,NA,NA,NA,NA,NA,NA,NA,NA,NA,NA,NA,NA,0.756417679984559,NA,NA
1937,0.271545369253451,0.805531695584951,NA,0.710670917848179,NA,NA,NA,NA,NA,0.279235966735967,NA,0.333905027334119,0.383951784448121,0.644171134237359,NA,NA,0.257677941481635,0.325486304088924,NA,NA,0.297639032753509,NA,NA,NA,NA,NA,0.390662410215483,NA,NA,NA,NA,NA,NA,0.488336584952074,NA,NA,NA,NA,NA,NA,NA,0.470594438780891,0.631789876071274,NA,NA,0.457330921128604,NA,NA,NA,NA,NA,NA,NA,NA,NA,NA,NA,NA,NA,NA,NA,0.595954171142141,NA,NA
1938,NA,0.743951940250041,NA,0.519320515213739,NA,NA,NA,NA,NA,0.271040284059686,NA,0.356475013433638,NA,0.302255571531272,NA,NA,NA,NA,NA,NA,NA,NA,NA,NA,NA,NA,0.275787088080363,NA,NA,NA,NA,NA,NA,0.519661523145844,NA,NA,NA,NA,NA,NA,NA,0.485357117775125,0.59053901467879,NA,NA,0.408437890906334,NA,NA,NA,NA,NA,NA,NA,NA,NA,NA,NA,NA,NA,NA,NA,0.386281588447654,NA,NA
1939,NA,0.60256032960565,NA,0.480117820324006,NA,NA,NA,NA,NA,NA,NA,0.293311001779546,NA,NA,NA,NA,NA,NA,NA,NA,NA,NA,NA,NA,NA,NA,NA,NA,NA,NA,NA,NA,NA,0.518737672583826,NA,NA,NA,NA,NA,NA,NA,0.402142688161141,0.364625194234582,NA,NA,NA,NA,NA,NA,NA,NA,NA,NA,NA,NA,NA,NA,NA,NA,NA,NA,NA,NA,NA
1940,NA,0.546437745031769,NA,0.272895769733973,NA,NA,NA,NA,NA,NA,NA,NA,NA,NA,NA,NA,NA,NA,NA,NA,NA,NA,NA,NA,NA,NA,NA,NA,NA,NA,NA,NA,NA,0.611490885416667,NA,NA,NA,NA,NA,NA,NA,0.34806090577824,NA,NA,NA,NA,NA,NA,NA,NA,NA,NA,NA,NA,NA,NA,NA,NA,NA,NA,NA,NA,NA,NA
1941,NA,0.563422599608099,NA,0.282960231761917,NA,NA,NA,NA,0.282670242884816,0.258570623672691,NA,NA,NA,NA,NA,NA,NA,NA,NA,NA,0.267858232172269,NA,NA,NA,NA,NA,NA,NA,NA,NA,0.344022503516174,NA,NA,0.746712407089766,NA,NA,NA,NA,NA,NA,NA,0.276575875486381,NA,NA,NA,NA,NA,NA,NA,NA,NA,0.65050505050505,NA,NA,NA,NA,NA,NA,NA,NA,NA,NA,NA,NA
1942,NA,0.537807548628108,NA,NA,NA,NA,NA,NA,0.284541927782751,NA,NA,NA,NA,NA,NA,NA,NA,NA,NA,NA,0.266032018121155,NA,NA,NA,NA,NA,NA,NA,NA,NA,0.466802325581395,NA,NA,0.85657337430446,NA,NA,NA,NA,NA,NA,NA,NA,NA,NA,NA,NA,NA,NA,NA,NA,NA,0.453592739307025,NA,NA,NA,NA,NA,NA,NA,NA,NA,NA,NA,NA
1943,NA,0.427198637635324,NA,NA,NA,NA,NA,NA,0.311421772754313,NA,NA,NA,NA,NA,NA,NA,NA,NA,NA,NA,0.308036129993482,NA,NA,NA,NA,NA,NA,NA,NA,NA,0.754818123803446,NA,NA,0.760431208313944,NA,NA,NA,NA,NA,NA,NA,NA,NA,NA,NA,NA,NA,NA,NA,NA,NA,0.349669629700052,NA,NA,NA,NA,NA,NA,NA,NA,NA,NA,NA,NA
1944,NA,0.320357224639341,NA,NA,NA,NA,NA,NA,0.364056674123788,NA,NA,NA,NA,NA,NA,NA,NA,NA,NA,NA,0.408420193394449,NA,NA,NA,NA,NA,NA,NA,NA,NA,0.837395301971157,NA,NA,0.608881602395039,NA,NA,NA,NA,NA,NA,NA,NA,NA,NA,NA,NA,NA,NA,NA,NA,NA,NA,NA,NA,NA,NA,NA,NA,NA,NA,NA,NA,NA,NA
1945,NA,NA,NA,NA,NA,NA,NA,NA,0.433169834457388,NA,NA,NA,NA,NA,NA,NA,NA,NA,NA,NA,0.493851621222128,NA,NA,NA,NA,NA,NA,NA,NA,NA,1.0288770755398,NA,NA,0.48195979230462,NA,NA,NA,NA,NA,NA,NA,NA,NA,NA,NA,NA,NA,NA,NA,NA,NA,NA,NA,NA,NA,NA,NA,NA,NA,NA,NA,NA,NA,NA
1946,NA,NA,NA,NA,NA,NA,NA,NA,0.274795394645582,NA,NA,NA,NA,NA,NA,NA,NA,NA,NA,NA,0.42864358936265,NA,NA,NA,NA,NA,NA,NA,NA,NA,0.952213129442686,NA,NA,0.383671952428147,NA,NA,NA,NA,NA,NA,NA,NA,NA,NA,NA,NA,NA,NA,NA,NA,NA,NA,0.266259247346414,NA,NA,NA,NA,NA,NA,NA,NA,NA,NA,NA
1947,NA,NA,NA,NA,NA,NA,NA,NA,NA,NA,NA,NA,NA,NA,0.270759223498323,NA,NA,NA,NA,NA,0.293614093036058,NA,NA,NA,NA,NA,NA,NA,NA,NA,0.819227790684811,NA,NA,NA,NA,NA,NA,NA,NA,NA,0.369647998513978,NA,NA,NA,NA,NA,NA,NA,NA,NA,NA,NA,NA,NA,NA,NA,NA,NA,NA,NA,NA,NA,NA,NA
1948,NA,NA,NA,NA,NA,NA,NA,NA,0.32206163076084,NA,NA,NA,NA,NA,0.358548455353364,NA,NA,NA,NA,NA,0.295873621135775,NA,NA,NA,NA,NA,NA,0.288931072854618,NA,NA,0.852783242064969,NA,NA,NA,NA,NA,NA,NA,NA,NA,0.279298307371879,NA,NA,NA,NA,NA,NA,NA,NA,NA,NA,NA,0.476619836443699,NA,NA,NA,NA,NA,NA,NA,NA,NA,NA,NA
1949,NA,NA,NA,NA,NA,NA,NA,NA,0.328942062105122,NA,NA,NA,NA,NA,0.451820361892304,NA,NA,NA,NA,NA,0.289733108920414,NA,NA,NA,NA,NA,NA,0.36852563253411,NA,NA,0.747782318349447,NA,NA,NA,NA,NA,NA,NA,NA,NA,NA,NA,NA,NA,NA,NA,NA,NA,NA,NA,NA,NA,0.552555448408872,NA,NA,NA,NA,NA,NA,NA,NA,NA,NA,NA
1950,NA,NA,NA,NA,NA,NA,NA,NA,NA,NA,NA,NA,NA,NA,0.374045013421433,NA,NA,NA,NA,NA,NA,NA,NA,NA,NA,NA,NA,0.466569261810339,NA,NA,0.624607861229009,NA,NA,NA,NA,NA,NA,NA,NA,NA,NA,NA,NA,NA,NA,NA,NA,NA,NA,NA,NA,NA,0.652282534635476,NA,NA,NA,NA,NA,NA,NA,NA,NA,0.351817507418398,NA
1951,NA,NA,NA,NA,NA,NA,NA,NA,NA,NA,NA,0.484420928865373,0.282511665652262,NA,0.408790314375827,NA,NA,NA,NA,NA,NA,NA,NA,NA,NA,NA,NA,NA,NA,NA,0.489326077856844,NA,NA,NA,NA,NA,NA,NA,NA,NA,NA,NA,NA,NA,NA,NA,NA,NA,NA,NA,NA,NA,0.628334031559838,NA,NA,NA,NA,NA,NA,NA,NA,0.63978085527317,0.818808714771137,NA
1952,NA,NA,NA,NA,NA,NA,NA,NA,NA,NA,NA,0.645396145610278,0.307207481955881,NA,0.344211344211344,NA,0.444520275265882,NA,NA,NA,NA,NA,0.285060012634239,NA,NA,NA,NA,NA,NA,NA,0.373617662214119,NA,NA,NA,NA,NA,NA,NA,NA,NA,NA,NA,NA,NA,NA,NA,NA,NA,NA,NA,NA,NA,0.55287378515801,NA,NA,NA,NA,NA,NA,NA,NA,1.17156366092536,1.30548900021782,NA
1953,NA,NA,NA,NA,NA,NA,NA,NA,NA,NA,NA,0.752291991005016,0.327735421388832,NA,0.294706591267266,NA,0.731645896558404,NA,NA,NA,NA,NA,0.258191959098304,NA,NA,NA,NA,NA,NA,NA,NA,NA,NA,NA,NA,NA,NA,NA,NA,NA,NA,NA,NA,NA,NA,NA,NA,NA,NA,NA,NA,NA,0.456531982565673,NA,NA,NA,NA,NA,NA,NA,NA,1.80972195952336,1.77588334268087,NA
1954,NA,NA,NA,NA,NA,NA,NA,NA,NA,NA,NA,0.875836048705196,0.322319075613217,NA,0.257259568421987,NA,0.990177803269286,NA,NA,NA,NA,NA,NA,NA,NA,NA,NA,NA,NA,NA,NA,NA,NA,NA,NA,NA,NA,NA,NA,NA,NA,NA,NA,NA,NA,NA,1.03193805952093,NA,NA,NA,NA,NA,0.400749482633257,NA,NA,NA,NA,NA,NA,NA,NA,2.34755381604697,2.00923837146847,NA
1955,NA,NA,NA,NA,NA,NA,NA,NA,NA,NA,NA,0.964954096045198,0.384317420435511,NA,NA,NA,1.09258430319308,NA,NA,NA,NA,NA,NA,NA,NA,NA,NA,0.260198135198135,NA,NA,NA,NA,NA,NA,NA,NA,NA,NA,NA,NA,NA,NA,NA,NA,NA,NA,1.7578499201703,NA,NA,NA,NA,NA,0.410186228733967,NA,NA,NA,NA,0.521861881942123,NA,NA,NA,2.6582796957285,2.23396029258098,NA
1956,NA,NA,NA,NA,NA,NA,NA,NA,NA,NA,NA,1.01763179092455,0.422246104245029,NA,NA,NA,0.966545402667808,NA,NA,NA,NA,NA,NA,NA,NA,NA,NA,0.278083832335329,NA,NA,NA,NA,NA,NA,NA,NA,NA,NA,NA,NA,NA,NA,NA,NA,NA,NA,2.3005698005698,NA,NA,NA,NA,NA,0.370757976021134,NA,NA,NA,NA,0.429518783417818,NA,NA,NA,3.34739658365919,2.50714431516636,NA
1957,NA,NA,NA,NA,NA,NA,NA,NA,NA,0.287949849082888,NA,1.12061097140728,0.442589836274718,NA,NA,NA,0.779597719976414,NA,NA,NA,NA,NA,NA,NA,NA,NA,NA,NA,NA,NA,NA,NA,NA,NA,NA,NA,NA,NA,NA,NA,NA,NA,NA,NA,NA,NA,2.56372692645766,NA,NA,NA,NA,NA,0.358061771036692,NA,NA,NA,NA,0.447878684614074,NA,NA,NA,3.89525228869491,2.61973490427099,NA
1958,NA,NA,NA,NA,NA,NA,NA,NA,NA,0.282238442822385,NA,1.26116773026002,0.267121969988457,NA,NA,NA,0.501785097316596,NA,NA,NA,NA,NA,NA,NA,NA,NA,NA,NA,NA,NA,NA,NA,NA,NA,NA,NA,NA,NA,NA,NA,NA,NA,NA,NA,NA,NA,2.60505617977528,NA,NA,NA,NA,NA,0.323061630218688,NA,NA,NA,NA,0.422085652691528,NA,NA,NA,3.61659858893427,2.85188380788036,NA
1959,NA,NA,NA,NA,NA,NA,NA,NA,NA,NA,NA,0.951298431925662,NA,NA,NA,NA,0.406994127068873,NA,NA,NA,NA,NA,NA,NA,NA,NA,NA,NA,NA,NA,NA,NA,NA,NA,NA,NA,NA,NA,NA,NA,NA,NA,NA,NA,NA,NA,2.65655209452202,NA,NA,NA,NA,NA,0.479311992355471,NA,NA,NA,NA,0.431296094789022,NA,0.303789689313759,NA,3.03144361833953,2.68373035985808,NA
1960,NA,0.422089875473741,NA,NA,NA,NA,NA,NA,0.300213219616205,NA,NA,0.713659605551498,NA,NA,NA,NA,0.282649437758927,NA,NA,NA,NA,NA,NA,NA,NA,NA,NA,NA,NA,NA,NA,NA,NA,NA,NA,NA,NA,NA,NA,NA,NA,NA,NA,NA,NA,NA,2.72682162444502,NA,NA,0.453519703603907,NA,NA,0.501534936998854,NA,NA,NA,NA,0.403519541641088,NA,0.596453442458181,NA,2.1183525136281,2.16168198655508,NA
1961,NA,0.515265486725664,NA,NA,NA,NA,NA,NA,0.337676093634149,NA,NA,0.256011315417256,NA,NA,NA,NA,NA,NA,NA,NA,NA,NA,NA,NA,NA,NA,NA,NA,NA,NA,NA,NA,NA,NA,NA,NA,NA,NA,NA,NA,NA,NA,NA,NA,NA,NA,2.7396449704142,NA,NA,0.305448050014885,NA,NA,0.433772136700828,NA,NA,NA,NA,0.287181437809053,NA,0.819748418526867,NA,1.31563805104408,1.59321940765976,NA
1962,NA,0.61040679087201,NA,NA,NA,NA,NA,NA,0.391359192683696,NA,NA,NA,NA,NA,NA,NA,NA,NA,NA,NA,NA,NA,NA,NA,NA,NA,NA,NA,NA,NA,NA,NA,NA,NA,NA,NA,NA,NA,NA,NA,NA,NA,NA,NA,NA,NA,2.50089525514772,NA,NA,NA,NA,NA,0.424254984042774,NA,NA,NA,NA,NA,NA,0.933778124778196,NA,0.938258164852255,1.27497756152865,NA
1963,NA,0.590774125132556,NA,NA,NA,NA,NA,NA,0.447634958755351,NA,NA,NA,NA,NA,NA,NA,NA,NA,NA,NA,NA,0.251774206705278,NA,NA,NA,NA,NA,NA,NA,NA,NA,NA,NA,NA,NA,NA,NA,NA,NA,NA,NA,NA,NA,NA,NA,NA,1.97689196995956,NA,NA,NA,NA,NA,0.409114804480569,NA,NA,NA,NA,NA,NA,1.00956473523704,NA,0.657354426119152,0.95676243585081,0.262128892107169
1964,NA,0.629637370676142,NA,NA,NA,NA,NA,NA,0.486656200941915,NA,NA,NA,NA,NA,NA,NA,NA,NA,NA,NA,NA,0.405620417553592,NA,NA,NA,NA,NA,NA,NA,NA,NA,NA,NA,NA,NA,NA,NA,NA,NA,NA,NA,NA,NA,NA,NA,NA,0.531555132174327,NA,NA,NA,NA,NA,0.419222168982591,NA,NA,NA,NA,NA,NA,1.03058634967277,NA,0.421021863673565,0.738514261235855,0.388325029218183
1965,NA,0.547315830721003,NA,NA,NA,NA,NA,NA,0.48601647513475,NA,NA,NA,NA,NA,NA,NA,NA,NA,NA,NA,NA,0.584389161194858,NA,NA,NA,NA,NA,NA,NA,NA,NA,NA,NA,NA,NA,NA,NA,NA,NA,NA,NA,NA,0.267970432454456,NA,NA,NA,NA,NA,NA,NA,NA,NA,0.343887958593393,NA,NA,NA,NA,NA,NA,1.07688308312212,0.263729355963198,0.288654297291533,0.573847297166306,0.456832816599094
1966,NA,0.564740165128703,NA,NA,NA,NA,NA,NA,0.466495354813204,NA,NA,NA,NA,NA,NA,NA,NA,NA,NA,NA,NA,0.761951870996463,0.283934596418375,NA,NA,NA,NA,NA,NA,NA,NA,NA,NA,NA,NA,NA,NA,NA,NA,NA,NA,NA,0.548464299960112,NA,NA,NA,NA,NA,NA,0.471115973741794,NA,NA,0.300607812615818,NA,NA,NA,NA,NA,NA,1.06516782773908,0.35908348880597,NA,0.39702587084946,0.545547287566011
1967,NA,0.477356746765249,NA,0.258396192528736,NA,NA,NA,NA,0.471365223134258,NA,NA,NA,NA,NA,0.333383447342705,NA,NA,NA,0.294328016593949,NA,NA,0.813913477122553,0.384765493573784,NA,NA,NA,NA,NA,NA,NA,NA,NA,0.255714389376678,NA,NA,NA,NA,NA,NA,NA,NA,NA,0.99759838859622,NA,NA,NA,NA,NA,NA,1.15633577310156,NA,NA,0.33354220420199,NA,NA,NA,NA,NA,NA,1.06660412757974,0.361553784860558,NA,0.318116472726286,0.645588678109003
1968,0.258909641595154,0.357005925409551,NA,0.368881637496292,NA,0.965664018161181,NA,NA,0.528881375035221,NA,NA,NA,NA,NA,0.344112583277191,NA,NA,NA,NA,NA,NA,0.729307714312959,0.403859266330288,NA,NA,NA,NA,NA,NA,NA,NA,NA,NA,NA,NA,NA,NA,NA,NA,NA,NA,NA,1.35892416375862,NA,NA,NA,NA,NA,NA,1.71368666278393,NA,NA,0.301348788952095,NA,NA,NA,NA,NA,NA,0.929442560533048,0.343716003435442,NA,NA,0.726122049651462
1969,NA,NA,NA,0.279010720331014,NA,1.22482093261219,NA,NA,0.3794165454701,NA,NA,NA,NA,NA,0.314923619271445,NA,NA,NA,NA,NA,NA,0.605490369714412,0.303747282261159,NA,NA,NA,NA,NA,NA,NA,NA,NA,NA,NA,NA,NA,NA,NA,NA,NA,NA,NA,1.1466515323496,NA,NA,NA,NA,NA,NA,2.38987770916576,NA,NA,NA,NA,NA,NA,NA,NA,NA,0.582853252330575,0.28109439124487,NA,NA,0.72694624652456
1970,0.279996070919896,NA,NA,0.271791383219955,NA,1.2298353335194,NA,NA,0.426779271892424,NA,NA,0.262446717817562,NA,NA,0.298919308357349,NA,NA,NA,NA,NA,NA,0.465210029831492,0.278233636078923,NA,NA,NA,NA,NA,NA,NA,NA,NA,NA,NA,NA,NA,NA,NA,NA,NA,NA,NA,1.09309267615411,NA,NA,NA,NA,NA,NA,2.90001158614297,NA,NA,NA,0.303552840009052,NA,NA,NA,NA,NA,NA,0.269491797146369,NA,NA,0.697351209941138
1971,0.258527302005563,NA,NA,NA,0.35335815552055,1.2127827459232,NA,NA,0.341753107926202,NA,NA,0.279774774774775,0.258059564015966,NA,NA,0.254452671602962,NA,NA,NA,NA,NA,0.343255970400269,NA,NA,NA,NA,NA,NA,NA,NA,NA,NA,NA,NA,NA,NA,NA,NA,NA,NA,NA,NA,0.972966030951005,NA,NA,NA,NA,NA,NA,3.38677309007982,NA,NA,NA,0.336704236646323,NA,NA,NA,NA,NA,NA,0.262080607723148,NA,NA,0.674017058456418
1972,NA,NA,NA,NA,0.251202886928629,1.03373772385904,NA,NA,0.261634935025688,NA,NA,0.294567331614421,NA,NA,NA,NA,NA,NA,NA,NA,NA,NA,NA,NA,NA,NA,NA,0.403168444875525,NA,NA,NA,NA,NA,NA,NA,NA,NA,NA,NA,NA,NA,NA,0.790801954584651,NA,NA,NA,NA,NA,NA,3.66943685073811,NA,NA,NA,0.351916834810071,NA,NA,NA,NA,NA,NA,NA,NA,NA,0.658491029737036
1973,NA,NA,NA,NA,0.255772411511743,0.933918817607369,0.330260383464915,NA,NA,NA,NA,0.258317282437401,NA,NA,NA,0.265409570154096,NA,NA,NA,NA,NA,NA,NA,NA,NA,NA,NA,0.372116349047142,NA,NA,NA,NA,NA,NA,NA,NA,NA,NA,NA,NA,NA,NA,0.675988581095369,NA,NA,NA,NA,NA,NA,3.88263896563156,NA,NA,NA,0.392481469974702,NA,NA,NA,NA,NA,NA,NA,NA,NA,0.691575827117996
1974,NA,NA,NA,NA,NA,0.913864245925314,0.463252560579565,NA,NA,NA,NA,NA,NA,NA,NA,0.259838597190395,0.307505640938312,NA,NA,NA,NA,NA,NA,NA,NA,NA,NA,0.319152798789712,NA,NA,NA,NA,NA,NA,NA,NA,NA,NA,NA,NA,NA,NA,0.563921297211786,NA,NA,0.293705494840257,NA,NA,NA,4.13615282685512,NA,NA,NA,0.329443447037702,NA,NA,NA,NA,NA,NA,NA,NA,NA,0.569605671245015
1975,NA,NA,NA,NA,NA,0.785518220539517,0.559729908107834,NA,NA,NA,NA,NA,NA,NA,NA,0.277715679300884,0.378677541508884,NA,NA,NA,NA,NA,NA,NA,NA,NA,NA,NA,NA,NA,NA,NA,NA,NA,NA,NA,NA,NA,NA,NA,NA,NA,0.433968326830388,NA,NA,NA,NA,NA,NA,3.62663926404384,NA,NA,0.276506570004531,NA,NA,NA,NA,NA,NA,NA,NA,NA,NA,0.456495047884096
1976,NA,NA,NA,NA,NA,0.341873624646338,0.738915738600546,NA,NA,NA,NA,NA,NA,NA,NA,NA,0.49027881194672,NA,NA,NA,NA,NA,NA,NA,NA,NA,NA,NA,NA,NA,NA,NA,NA,NA,NA,NA,NA,NA,NA,0.359039159264356,NA,NA,0.302163833075734,NA,NA,NA,NA,NA,NA,2.30224602112152,NA,NA,0.344456159348018,NA,NA,NA,NA,NA,NA,NA,NA,NA,NA,0.409357406328868
1977,NA,NA,NA,NA,NA,0.260804434124785,0.582154301207789,NA,NA,NA,NA,NA,NA,NA,NA,NA,0.577157549869365,0.404926534140017,NA,NA,0.273515870014903,NA,NA,NA,NA,NA,NA,NA,NA,NA,NA,NA,NA,NA,NA,NA,NA,NA,NA,0.401539727884569,NA,NA,NA,NA,NA,NA,NA,NA,NA,1.14569079819676,NA,NA,0.322728654744465,NA,NA,NA,NA,NA,NA,NA,NA,NA,NA,0.306898444647758
1978,NA,NA,NA,NA,NA,NA,0.604231669266771,NA,NA,NA,NA,NA,NA,NA,NA,NA,0.684283493677268,0.639638800968162,NA,NA,0.266543638732089,NA,NA,NA,NA,NA,NA,NA,NA,NA,NA,NA,NA,NA,NA,NA,NA,NA,NA,0.426196018813246,NA,NA,NA,NA,NA,NA,NA,NA,NA,0.659698673648968,NA,NA,0.362814097982075,NA,0.305278991476255,NA,NA,NA,NA,NA,NA,NA,NA,0.301037939707393
1979,NA,NA,NA,NA,NA,NA,0.757266542980829,NA,NA,NA,NA,NA,NA,NA,NA,NA,0.803136714205696,0.772891680944222,NA,NA,0.276869489496027,NA,NA,NA,NA,NA,NA,NA,NA,NA,NA,NA,NA,NA,NA,NA,NA,NA,NA,0.331887201735358,NA,NA,NA,NA,NA,NA,NA,NA,NA,0.437082544558345,NA,NA,0.394533967882887,NA,0.36354940769627,NA,NA,NA,NA,NA,NA,NA,NA,NA
1980,NA,NA,NA,NA,NA,NA,0.556696198378099,NA,NA,NA,NA,NA,NA,NA,NA,NA,0.787231368606259,0.588290840415486,NA,NA,NA,NA,NA,NA,NA,NA,NA,NA,0.570418278529981,NA,NA,NA,NA,NA,NA,NA,NA,NA,NA,NA,NA,NA,NA,NA,NA,NA,NA,NA,NA,NA,NA,NA,0.346309278350515,NA,0.328968427178816,NA,NA,NA,NA,NA,NA,NA,NA,NA
1981,NA,NA,NA,NA,NA,NA,0.46359463594636,NA,NA,NA,NA,NA,NA,NA,NA,NA,0.671553771807683,0.492867155933042,NA,NA,NA,NA,NA,NA,NA,NA,NA,NA,0.448213066241748,NA,NA,NA,NA,NA,NA,NA,NA,NA,NA,NA,NA,NA,NA,NA,0.629530579210359,NA,NA,NA,NA,NA,NA,NA,0.278163028520547,NA,0.320981399724977,NA,NA,NA,NA,NA,NA,NA,NA,NA
1982,NA,NA,NA,NA,NA,NA,0.325936314139581,NA,NA,NA,NA,NA,NA,NA,NA,NA,0.567851246167152,0.427436602505347,NA,NA,NA,NA,NA,NA,NA,NA,NA,NA,0.379702491438132,NA,NA,NA,0.348490131808355,NA,NA,NA,NA,NA,NA,NA,NA,NA,NA,NA,0.568385650224215,NA,NA,NA,NA,NA,NA,NA,NA,NA,0.261654766904662,NA,NA,NA,NA,NA,NA,NA,NA,NA
1983,NA,NA,NA,NA,NA,NA,NA,NA,NA,NA,NA,NA,NA,NA,NA,NA,0.354181406537427,0.438435323751667,NA,NA,NA,NA,NA,NA,NA,NA,NA,NA,0.345896958410925,NA,NA,NA,0.518640576725026,NA,NA,NA,NA,NA,NA,NA,NA,NA,NA,NA,0.454487970853031,NA,NA,NA,NA,NA,NA,NA,NA,NA,NA,NA,NA,NA,NA,NA,NA,NA,NA,NA
1984,NA,NA,NA,NA,NA,NA,NA,NA,NA,NA,NA,NA,NA,NA,NA,NA,NA,0.415455512229706,NA,NA,NA,NA,NA,NA,NA,NA,NA,NA,0.290853175527701,NA,NA,NA,0.815941011235955,NA,NA,NA,NA,NA,NA,NA,NA,NA,NA,NA,0.459159911569639,NA,NA,NA,NA,NA,NA,NA,NA,NA,NA,NA,NA,NA,NA,NA,NA,NA,NA,NA
1985,NA,NA,NA,NA,NA,NA,NA,NA,NA,NA,NA,NA,NA,NA,NA,NA,NA,0.516347318185056,NA,NA,NA,NA,NA,NA,NA,NA,NA,NA,0.257116579555396,NA,NA,NA,1.1203098351336,NA,NA,NA,NA,NA,NA,NA,NA,NA,NA,NA,0.470257165122521,NA,NA,NA,NA,NA,NA,NA,NA,NA,NA,NA,NA,NA,NA,NA,NA,NA,NA,NA
1986,NA,NA,NA,NA,NA,NA,NA,NA,NA,NA,NA,NA,NA,NA,NA,NA,NA,0.464787793990273,NA,NA,NA,NA,NA,NA,NA,NA,NA,NA,NA,NA,NA,NA,1.54904601571268,NA,NA,NA,NA,NA,NA,NA,NA,NA,NA,NA,0.374486939030688,NA,NA,NA,NA,NA,NA,NA,NA,NA,NA,NA,NA,NA,NA,NA,NA,NA,NA,NA
1987,NA,NA,NA,NA,NA,NA,NA,0.424915499758571,NA,NA,NA,NA,NA,NA,NA,NA,NA,0.368932636111966,NA,NA,NA,NA,NA,NA,NA,NA,NA,NA,NA,NA,NA,NA,1.76695262961581,NA,NA,NA,NA,NA,NA,NA,NA,NA,NA,NA,0.259175861292502,NA,0.278696700191173,NA,0.399724511786008,0.348468744593025,NA,NA,NA,NA,NA,NA,NA,NA,NA,NA,NA,NA,NA,NA
1988,NA,NA,NA,NA,NA,NA,NA,0.629682997118155,NA,NA,NA,NA,NA,NA,NA,NA,NA,0.336172145574292,NA,0.315529212531753,NA,NA,NA,NA,NA,NA,NA,NA,NA,NA,NA,NA,2.023335966109,NA,NA,0.326691743324271,NA,0.352608695652174,NA,NA,NA,NA,NA,NA,NA,NA,0.305777777777778,NA,0.37337811339647,0.493689546371489,NA,NA,NA,NA,NA,NA,NA,NA,NA,NA,NA,NA,NA,NA
1989,NA,NA,NA,NA,NA,0.292476807726522,NA,0.672403132728772,NA,NA,NA,NA,NA,NA,NA,NA,NA,NA,NA,0.367452763176588,NA,NA,NA,NA,NA,NA,NA,NA,NA,NA,NA,NA,1.97774649775454,NA,NA,0.376080908338973,NA,0.369842379902093,NA,NA,NA,NA,NA,NA,NA,NA,0.340912704722531,NA,0.262213798912627,0.340930556245961,NA,NA,NA,NA,NA,NA,NA,NA,NA,NA,NA,NA,NA,NA
1990,NA,0.486683037400831,NA,NA,NA,0.376844867169564,NA,0.64526326187889,0.452839191983458,NA,NA,NA,NA,NA,NA,NA,NA,0.294346557128959,NA,0.415011270780502,NA,NA,NA,NA,NA,NA,NA,NA,NA,NA,NA,0.258192651439921,2.2119469315731,NA,NA,0.436783360633881,NA,0.416300872486859,NA,NA,0.290125196248138,NA,NA,NA,NA,NA,0.529183841714757,NA,NA,NA,NA,NA,NA,NA,NA,NA,NA,NA,NA,NA,NA,NA,NA,NA
1991,NA,0.61,NA,NA,NA,0.581472116870347,NA,0.82588161209068,0.52783873851906,NA,NA,NA,NA,NA,NA,NA,NA,0.359147149801149,NA,0.312652597076825,NA,NA,NA,NA,NA,NA,NA,NA,NA,NA,NA,0.328919265271252,2.06107555183346,NA,NA,0.553613566372035,NA,0.382630852532116,NA,NA,0.378924147293399,NA,NA,NA,NA,NA,0.617991424802111,NA,NA,NA,NA,NA,NA,NA,NA,NA,NA,NA,NA,NA,NA,NA,NA,NA
1992,NA,0.674425634824668,0.301557942662019,NA,NA,0.670745920745921,NA,0.743109260360896,0.404477843198017,NA,NA,NA,NA,NA,NA,NA,NA,0.294948630136986,NA,NA,NA,NA,NA,NA,NA,NA,NA,NA,NA,NA,NA,0.325393449595917,1.75610260653703,NA,NA,0.50908584834387,NA,0.313517626172965,NA,NA,0.352554589781641,NA,NA,NA,NA,NA,0.646720460174163,NA,NA,NA,NA,NA,NA,NA,NA,NA,NA,NA,NA,NA,NA,NA,NA,NA
1993,NA,0.674451956566278,0.323808833127856,NA,NA,0.774095039475644,NA,0.633134413185564,0.328057442865967,NA,NA,NA,NA,NA,NA,NA,NA,0.259270704573548,NA,NA,NA,NA,NA,NA,NA,NA,NA,NA,NA,NA,NA,0.288090204369274,1.52624440526244,NA,NA,0.460013142128252,NA,0.273395626808329,NA,NA,0.369304758690516,NA,NA,NA,NA,NA,0.613069185287568,NA,NA,NA,NA,NA,NA,NA,NA,NA,NA,NA,NA,NA,NA,NA,NA,NA
1994,NA,0.743423088826988,0.428054507660328,NA,NA,0.837908011869436,NA,0.548669340138535,NA,NA,NA,NA,NA,NA,NA,NA,NA,NA,0.343042384362299,NA,NA,NA,NA,NA,NA,NA,NA,NA,NA,NA,NA,NA,1.23662941335705,NA,NA,0.489673010848164,NA,0.255011779348358,NA,NA,0.338997064781512,NA,NA,NA,NA,NA,0.688697751622152,NA,NA,NA,NA,NA,NA,NA,NA,NA,NA,NA,NA,NA,NA,NA,NA,NA
1995,NA,0.568126873609902,0.346026106433923,NA,NA,0.804430195278344,NA,0.429759782700959,NA,NA,NA,NA,NA,NA,NA,NA,NA,NA,0.504642971501761,NA,NA,NA,NA,NA,NA,NA,NA,NA,NA,NA,NA,NA,0.978918792103764,NA,NA,0.405985991768359,NA,0.253486961795027,NA,NA,0.279112095912634,NA,NA,NA,NA,NA,0.674393256794071,NA,NA,NA,NA,NA,NA,NA,NA,NA,NA,NA,NA,NA,NA,NA,NA,NA
1996,NA,0.509575274933637,NA,NA,NA,0.59805131536213,NA,NA,NA,NA,NA,NA,NA,NA,NA,NA,NA,NA,0.617208370436331,NA,NA,NA,NA,NA,NA,NA,NA,NA,NA,NA,NA,NA,0.844399436421275,NA,NA,0.269889520821076,NA,0.308893297679634,NA,NA,0.276146174163283,NA,NA,NA,0.271031918680536,NA,0.666666666666667,NA,NA,NA,NA,NA,NA,NA,NA,NA,NA,NA,NA,NA,NA,NA,NA,NA
1997,NA,0.384730935760361,NA,NA,NA,0.400705324622767,NA,NA,NA,NA,NA,NA,NA,NA,NA,NA,NA,NA,0.597021415371236,NA,NA,NA,NA,NA,NA,NA,NA,NA,NA,NA,NA,NA,0.754495699765442,NA,NA,NA,0.470758759768087,0.317702980472765,NA,NA,NA,NA,NA,NA,0.285010332220633,NA,0.601534061362454,NA,NA,NA,NA,NA,NA,NA,NA,NA,NA,NA,NA,NA,NA,NA,NA,NA
1998,NA,NA,NA,NA,NA,NA,NA,NA,NA,NA,NA,NA,NA,NA,NA,NA,NA,NA,0.351841251669529,NA,NA,NA,NA,NA,NA,0.274826393148971,NA,NA,NA,NA,NA,NA,0.575832422932599,NA,NA,NA,0.250324877111701,NA,NA,NA,NA,NA,NA,NA,NA,NA,0.513459991336098,NA,NA,NA,NA,NA,NA,NA,NA,NA,NA,NA,NA,NA,NA,NA,NA,NA
1999,NA,NA,NA,NA,NA,NA,NA,NA,NA,NA,NA,NA,NA,NA,NA,0.70516408038667,NA,NA,0.53994053518335,NA,NA,NA,NA,NA,NA,0.452034166731573,NA,NA,NA,NA,NA,NA,0.552234102419809,NA,NA,NA,NA,0.270067546339931,NA,NA,NA,NA,0.343953498535903,NA,0.303544692683116,NA,0.48215344480019,0.256265599001664,NA,NA,NA,NA,NA,NA,NA,NA,NA,NA,NA,NA,NA,NA,NA,NA
2000,0.25390195647395,NA,NA,NA,NA,NA,NA,NA,NA,NA,NA,NA,NA,NA,NA,0.805700836820084,NA,NA,0.487874596588289,NA,NA,NA,NA,NA,NA,0.410345260514752,0.251790364583333,NA,NA,NA,NA,NA,0.444064623774061,NA,NA,NA,NA,0.255672469867993,NA,NA,NA,NA,0.457026531251398,NA,0.323878061351099,NA,0.30411342929538,0.454331519341079,NA,NA,NA,NA,NA,NA,NA,NA,NA,NA,NA,NA,NA,NA,NA,NA
2001,NA,NA,NA,NA,NA,NA,NA,NA,NA,NA,NA,NA,NA,NA,NA,0.833124843632725,NA,NA,0.390768176757729,NA,NA,NA,NA,NA,NA,0.429970592633205,NA,0.685483870967742,NA,NA,NA,NA,0.467540842648323,NA,NA,NA,NA,0.274744682484834,NA,NA,NA,NA,0.477316067231363,NA,0.308519623852694,NA,NA,0.483710985062216,NA,NA,NA,NA,NA,NA,NA,NA,NA,NA,NA,NA,NA,NA,NA,NA
2002,NA,NA,NA,NA,NA,NA,NA,NA,NA,NA,NA,NA,0.292358109050342,NA,NA,0.97483966452886,NA,NA,NA,NA,NA,NA,NA,NA,NA,0.42097751514848,NA,1.04262338347849,NA,NA,NA,NA,0.431021541694813,NA,NA,NA,NA,0.301590979301823,NA,NA,NA,NA,0.406335266030014,NA,0.268323302440645,NA,NA,0.404946125630445,NA,NA,NA,NA,NA,NA,NA,NA,NA,NA,NA,NA,NA,NA,NA,NA
2003,NA,NA,NA,NA,NA,NA,NA,NA,NA,NA,NA,NA,0.402483669514033,NA,NA,1.13035759573928,NA,NA,NA,NA,NA,NA,NA,NA,NA,0.292814001046274,NA,1.32095527332965,NA,NA,NA,NA,0.379415870288844,NA,NA,NA,NA,NA,NA,NA,NA,NA,0.417927027257968,NA,NA,NA,NA,NA,NA,NA,NA,NA,NA,NA,NA,NA,NA,0.260779613148993,NA,NA,NA,NA,NA,NA
2004,NA,NA,NA,NA,NA,NA,NA,NA,NA,NA,NA,NA,0.342096112386119,NA,NA,1.28567870485679,NA,NA,NA,NA,NA,NA,NA,NA,NA,NA,NA,1.25343175343175,NA,NA,NA,NA,0.396389854245552,NA,NA,NA,NA,NA,NA,NA,NA,NA,0.381309345327336,NA,NA,NA,NA,NA,NA,NA,NA,NA,NA,NA,NA,NA,NA,0.288821098209014,NA,NA,NA,NA,NA,NA
2005,0.266815864727092,NA,NA,NA,0.266188408533132,NA,NA,NA,NA,NA,NA,NA,0.350161267704389,NA,NA,1.24596774193548,NA,NA,NA,NA,NA,NA,NA,0.257433221176955,NA,NA,NA,1.42298225158699,NA,NA,NA,NA,0.416868490134643,NA,NA,NA,NA,NA,NA,NA,NA,NA,0.328989166734544,NA,NA,NA,NA,NA,NA,NA,NA,NA,NA,NA,NA,NA,NA,0.262639527248851,0.276914274816439,NA,0.323291634754489,NA,NA,NA
2006,0.266863459364401,NA,NA,NA,0.313889972688256,NA,NA,NA,NA,NA,NA,NA,0.341159052453469,NA,NA,1.14230933106093,NA,NA,NA,NA,NA,NA,NA,NA,NA,NA,NA,1.33279623202776,NA,NA,NA,NA,0.345333015039389,NA,NA,NA,NA,NA,NA,NA,NA,NA,NA,NA,NA,NA,NA,NA,NA,NA,NA,NA,NA,NA,NA,NA,NA,NA,0.316136006289308,NA,0.415646134161945,NA,NA,NA
2007,NA,NA,NA,NA,0.387568003223856,NA,NA,NA,NA,NA,NA,NA,0.362971569163477,0.255909289140863,NA,0.919898655232898,NA,NA,NA,NA,NA,NA,NA,NA,NA,NA,NA,1.35644391408115,NA,0.264933345370287,NA,NA,0.336621796053845,NA,NA,NA,NA,NA,NA,NA,NA,NA,NA,NA,NA,NA,NA,NA,NA,NA,NA,NA,NA,NA,NA,NA,NA,0.260946570894421,0.256517205422315,NA,0.497051390058972,NA,NA,NA
